track_id,split,text,genre,labels
1929,training,Title: Buzz Chant. Artist: U.S. Girls. Album: Spleencoffin presents: Ladyz in Noyz. Genre: Experimental,Experimental,"[1.0, 0.0, 1.0, 0.0, 0.0, 0.0, 0.0, 0.0, 0.0, 0.0, 0.0, 0.0, 0.0, 0.0, 0.0, 0.0, 0.0, 0.0, 0.0, 0.0]"
13929,training,Title: Home On The Range. Artist: Old Town School Of Folk Music (Various). Album: Old Town School of Folk Music:  Volumes Two And Three. Genre: Folk,Folk,"[0.0, 0.0, 0.0, 0.0, 0.0, 0.0, 0.0, 0.0, 0.0, 0.0, 0.0, 0.0, 0.0, 0.0, 0.0, 1.0, 0.0, 0.0, 0.0, 0.0]"
13930,training,Title: John Henry. Artist: Foghorn Stringband. Album: Old Town School of Folk Music:  Volumes Two And Three. Genre: Folk,Folk,"[0.0, 0.0, 0.0, 0.0, 0.0, 0.0, 0.0, 0.0, 0.0, 0.0, 0.0, 0.0, 0.0, 0.0, 0.0, 1.0, 0.0, 0.0, 0.0, 0.0]"
18124,training,Title: Dirty Indie Sound. Artist: Yoko Absorbing. Album: Vinyl. Genre: Experimental,Experimental,"[1.0, 1.0, 0.0, 0.0, 0.0, 0.0, 0.0, 0.0, 0.0, 0.0, 0.0, 0.0, 0.0, 0.0, 0.0, 0.0, 0.0, 0.0, 0.0, 0.0]"
24216,training,Title: Bleached Beach. Artist: Noveller. Album: Live @ ISSUE (1/14/2010). Genre: Experimental,Experimental,"[1.0, 0.0, 0.0, 0.0, 0.0, 0.0, 0.0, 0.0, 0.0, 0.0, 0.0, 0.0, 0.0, 0.0, 0.0, 0.0, 0.0, 0.0, 0.0, 0.0]"
24217,training,Title: Redgrave. Artist: Noveller. Album: Live @ ISSUE (1/14/2010). Genre: Experimental,Experimental,"[1.0, 0.0, 0.0, 0.0, 0.0, 0.0, 0.0, 0.0, 0.0, 0.0, 0.0, 0.0, 0.0, 0.0, 0.0, 0.0, 0.0, 0.0, 0.0, 0.0]"
24218,training,Title: Under the Color Cave. Artist: Noveller. Album: Live @ ISSUE (1/14/2010). Genre: Experimental,Experimental,"[1.0, 0.0, 0.0, 0.0, 0.0, 0.0, 0.0, 0.0, 0.0, 0.0, 0.0, 0.0, 0.0, 0.0, 0.0, 0.0, 0.0, 0.0, 0.0, 0.0]"
27673,training,Title: Marche pour la cérémonie turque. Artist: Bacalao. Album: Beats & Boucles Baroques. Genre: Electronic,Electronic,"[0.0, 0.0, 0.0, 0.0, 0.0, 0.0, 0.0, 0.0, 0.0, 0.0, 0.0, 0.0, 1.0, 0.0, 0.0, 0.0, 0.0, 0.0, 0.0, 0.0]"
29738,training,Title: Just Say Booger (Brody and the Booger Brigade). Artist: Brody. Album: Silly Songs. Genre: Experimental,Experimental,"[0.0, 1.0, 0.0, 0.0, 0.0, 0.0, 0.0, 0.0, 0.0, 0.0, 0.0, 0.0, 0.0, 0.0, 1.0, 0.0, 0.0, 0.0, 0.0, 0.0]"
29739,training,Title: Big Blue Day. Artist: Uncle Neptune. Album: Silly Songs. Genre: Experimental,Experimental,"[0.0, 1.0, 0.0, 0.0, 0.0, 0.0, 0.0, 0.0, 0.0, 0.0, 0.0, 0.0, 0.0, 0.0, 1.0, 0.0, 0.0, 0.0, 0.0, 0.0]"
29740,training,Title: The Jagables. Artist: Kazoo Funk Orchestra. Album: Silly Songs. Genre: Experimental,Experimental,"[0.0, 1.0, 0.0, 0.0, 0.0, 0.0, 0.0, 0.0, 0.0, 0.0, 0.0, 0.0, 0.0, 0.0, 1.0, 0.0, 0.0, 0.0, 0.0, 0.0]"
29741,training,Title: Il Circo Smorfioso. Artist: A Smile for Timbuctu. Album: Silly Songs. Genre: Experimental,Experimental,"[0.0, 1.0, 0.0, 0.0, 0.0, 0.0, 0.0, 0.0, 0.0, 0.0, 0.0, 0.0, 0.0, 0.0, 1.0, 0.0, 0.0, 0.0, 0.0, 0.0]"
29742,training,Title: Penguin and Sea Lion. Artist: El Zoologico. Album: Silly Songs. Genre: Experimental,Experimental,"[0.0, 1.0, 0.0, 0.0, 0.0, 0.0, 0.0, 0.0, 0.0, 0.0, 0.0, 0.0, 0.0, 0.0, 1.0, 0.0, 0.0, 0.0, 0.0, 0.0]"
29744,training,Title: All You Need Is Toys. Artist: Rufus Hofbagger. Album: Silly Songs. Genre: Experimental,Experimental,"[0.0, 1.0, 0.0, 0.0, 0.0, 0.0, 0.0, 0.0, 0.0, 0.0, 0.0, 0.0, 0.0, 0.0, 1.0, 0.0, 0.0, 0.0, 0.0, 0.0]"
29745,training,Title: Spunky Left Two Three. Artist: The Bran Flakes. Album: Silly Songs. Genre: Experimental,Experimental,"[0.0, 1.0, 0.0, 0.0, 0.0, 0.0, 0.0, 0.0, 0.0, 0.0, 0.0, 0.0, 0.0, 0.0, 1.0, 0.0, 0.0, 0.0, 0.0, 0.0]"
29746,training,Title: Dont Let Sheep Play The Piano (Lee and Sheep). Artist: Lee Rosevere. Album: Silly Songs. Genre: Experimental,Experimental,"[0.0, 1.0, 0.0, 0.0, 0.0, 0.0, 0.0, 0.0, 0.0, 0.0, 0.0, 0.0, 0.0, 0.0, 1.0, 0.0, 0.0, 0.0, 0.0, 0.0]"
29747,training,Title: Padi Badi Bap (Mister Jan and His Singing Little Spiders). Artist: Mister Jan. Album: Silly Songs. Genre: Experimental,Experimental,"[0.0, 1.0, 0.0, 0.0, 0.0, 0.0, 0.0, 0.0, 0.0, 0.0, 0.0, 0.0, 0.0, 0.0, 1.0, 0.0, 0.0, 0.0, 0.0, 0.0]"
29750,training,Title: The Little Monkey Song. Artist: Pastor McPurvis. Album: Silly Songs. Genre: Experimental,Experimental,"[0.0, 1.0, 0.0, 0.0, 0.0, 0.0, 0.0, 0.0, 0.0, 0.0, 0.0, 0.0, 0.0, 0.0, 1.0, 0.0, 0.0, 0.0, 0.0, 0.0]"
29752,training,Title: Row Row Row Your Boat (Mister Jan). Artist: Mister Jan. Album: Silly Songs. Genre: Experimental,Experimental,"[0.0, 1.0, 0.0, 0.0, 0.0, 0.0, 0.0, 0.0, 0.0, 0.0, 0.0, 0.0, 0.0, 0.0, 1.0, 0.0, 0.0, 0.0, 0.0, 0.0]"
30041,training,Title: Rocket Into The Future. Artist: Cullah. Album: E=MC Cullah. Genre: Hip-Hop,Hip-Hop,"[1.0, 0.0, 0.0, 0.0, 0.0, 0.0, 0.0, 0.0, 0.0, 0.0, 0.0, 0.0, 1.0, 0.0, 0.0, 0.0, 0.0, 0.0, 0.0, 0.0]"
30043,training,Title: Soul Hip Hop. Artist: Cullah. Album: E=MC Cullah. Genre: Hip-Hop,Hip-Hop,"[1.0, 0.0, 0.0, 0.0, 0.0, 0.0, 0.0, 0.0, 0.0, 0.0, 0.0, 0.0, 1.0, 0.0, 0.0, 0.0, 0.0, 0.0, 0.0, 0.0]"
30196,training,Title: Phase Of Prisms. Artist: Lee Rosevere. Album: Backtime. Genre: Instrumental,Instrumental,"[0.0, 1.0, 0.0, 1.0, 0.0, 0.0, 0.0, 0.0, 0.0, 0.0, 0.0, 0.0, 0.0, 0.0, 0.0, 0.0, 0.0, 0.0, 0.0, 0.0]"
30198,training,Title: Son Of Tegwar. Artist: Lee Rosevere. Album: Backtime. Genre: Experimental,Experimental,"[0.0, 1.0, 0.0, 1.0, 0.0, 0.0, 0.0, 0.0, 0.0, 0.0, 0.0, 0.0, 0.0, 0.0, 0.0, 0.0, 0.0, 0.0, 0.0, 0.0]"
30230,training,Title: TIME/Leap. Artist: St. LaRok. Album: Leap Year EP. Genre: Hip-Hop,Hip-Hop,"[1.0, 0.0, 0.0, 0.0, 0.0, 0.0, 0.0, 0.0, 0.0, 0.0, 0.0, 0.0, 1.0, 0.0, 0.0, 0.0, 0.0, 0.0, 0.0, 0.0]"
34484,training,Title: Comic Topic. Artist: Not From This World. Album: Millky Way. Genre: Folk,Folk,"[0.0, 0.0, 0.0, 0.0, 0.0, 0.0, 0.0, 0.0, 0.0, 0.0, 0.0, 0.0, 0.0, 0.0, 0.0, 1.0, 0.0, 0.0, 0.0, 0.0]"
35444,training,Title: Wick. Artist: James Beaudreau. Album: Fresh Twigs (WBR 02). Genre: Experimental,Experimental,"[1.0, 0.0, 0.0, 1.0, 0.0, 0.0, 0.0, 0.0, 0.0, 0.0, 0.0, 0.0, 0.0, 0.0, 0.0, 0.0, 0.0, 0.0, 0.0, 0.0]"
37416,training,Title: Octo Gate. Artist: Church Of When The Shit Hits The Fan. Album: COWTSHTF 1. Genre: Hip-Hop,Hip-Hop,"[0.0, 1.0, 0.0, 0.0, 0.0, 0.0, 0.0, 0.0, 0.0, 0.0, 0.0, 0.0, 0.0, 0.0, 0.0, 0.0, 0.0, 0.0, 0.0, 0.0]"
37417,training,Title: Locust Ritual. Artist: Church Of When The Shit Hits The Fan. Album: COWTSHTF 1. Genre: Hip-Hop,Hip-Hop,"[0.0, 1.0, 0.0, 0.0, 0.0, 0.0, 0.0, 0.0, 0.0, 0.0, 0.0, 0.0, 0.0, 0.0, 0.0, 0.0, 0.0, 0.0, 0.0, 0.0]"
37423,training,Title: Crimson Snow. Artist: Church Of When The Shit Hits The Fan. Album: COWTSHTF 1. Genre: Hip-Hop,Hip-Hop,"[0.0, 1.0, 0.0, 0.0, 0.0, 0.0, 0.0, 0.0, 0.0, 0.0, 0.0, 0.0, 0.0, 0.0, 0.0, 0.0, 0.0, 0.0, 0.0, 0.0]"
38361,training,Title: First Wind. Artist: A Way. Album: EP. Genre: Folk,Folk,"[1.0, 0.0, 0.0, 0.0, 0.0, 0.0, 0.0, 0.0, 0.0, 0.0, 0.0, 0.0, 0.0, 0.0, 0.0, 0.0, 0.0, 0.0, 0.0, 0.0]"
38362,training,Title: Around Under. Artist: A Way. Album: EP. Genre: Folk,Folk,"[1.0, 0.0, 0.0, 0.0, 0.0, 0.0, 0.0, 0.0, 0.0, 0.0, 0.0, 0.0, 0.0, 0.0, 0.0, 0.0, 0.0, 0.0, 0.0, 0.0]"
38363,training,Title: Conclusion. Artist: A Way. Album: EP. Genre: Folk,Folk,"[1.0, 0.0, 0.0, 0.0, 0.0, 0.0, 0.0, 0.0, 0.0, 0.0, 0.0, 0.0, 0.0, 0.0, 0.0, 0.0, 0.0, 0.0, 0.0, 0.0]"
38399,training,"Title: O Pastor, a Droga e as Visões. Artist: Stealing Orchestra. Album: É Português Não Gosto!. Genre: Folk",Folk,"[0.0, 0.0, 0.0, 0.0, 0.0, 0.0, 0.0, 0.0, 0.0, 0.0, 0.0, 0.0, 1.0, 0.0, 0.0, 0.0, 0.0, 0.0, 0.0, 0.0]"
38450,training,Title: Let the little children come to me. Artist: Children for Breakfast. Album: Ham. Genre: Experimental,Experimental,"[1.0, 0.0, 1.0, 0.0, 0.0, 0.0, 0.0, 0.0, 0.0, 0.0, 0.0, 0.0, 0.0, 0.0, 0.0, 0.0, 0.0, 0.0, 0.0, 0.0]"
38557,training,"Title: Surfing With My 2 Little Brothers. Artist: Party People in a Can. Album: Way off, where the Spirits are. Genre: Rock",Rock,"[0.0, 0.0, 0.0, 0.0, 0.0, 0.0, 0.0, 0.0, 0.0, 0.0, 0.0, 0.0, 0.0, 0.0, 1.0, 0.0, 0.0, 0.0, 0.0, 0.0]"
38560,training,"Title: Diesel Rainbow Surface. Artist: Party People in a Can. Album: Way off, where the Spirits are. Genre: International",International,"[0.0, 0.0, 0.0, 0.0, 0.0, 0.0, 0.0, 0.0, 0.0, 0.0, 0.0, 0.0, 0.0, 0.0, 1.0, 0.0, 0.0, 0.0, 0.0, 0.0]"
39875,training,Title: Sexual Energy. Artist: Uton. Album: Violin Massage. Genre: Experimental,Experimental,"[1.0, 0.0, 1.0, 0.0, 0.0, 0.0, 0.0, 0.0, 0.0, 0.0, 0.0, 0.0, 0.0, 0.0, 0.0, 0.0, 0.0, 0.0, 0.0, 0.0]"
39900,training,Title: Air Stairs. Artist: Uton. Album: Violin Massage. Genre: Experimental,Experimental,"[1.0, 0.0, 1.0, 0.0, 0.0, 0.0, 0.0, 0.0, 0.0, 0.0, 0.0, 0.0, 0.0, 0.0, 0.0, 0.0, 0.0, 0.0, 0.0, 0.0]"
39904,training,Title: As The Times Ends Comes The Fire. Artist: Uton. Album: Violin Massage. Genre: Experimental,Experimental,"[1.0, 0.0, 1.0, 0.0, 0.0, 0.0, 0.0, 0.0, 0.0, 0.0, 0.0, 0.0, 0.0, 0.0, 0.0, 0.0, 0.0, 0.0, 0.0, 0.0]"
40598,training,Title: How Interesting! How Bizarre!. Artist: Honey Trappists. Album: Rough Jazz: Volume One. Genre: Experimental,Experimental,"[1.0, 0.0, 0.0, 0.0, 0.0, 0.0, 0.0, 0.0, 0.0, 0.0, 0.0, 0.0, 0.0, 0.0, 0.0, 0.0, 0.0, 0.0, 0.0, 0.0]"
41568,training,Title: Dismissal. Artist: Fabryka. Album: Absolute Balance. Genre: Pop,Pop,"[1.0, 0.0, 1.0, 0.0, 0.0, 0.0, 0.0, 0.0, 0.0, 0.0, 0.0, 1.0, 0.0, 0.0, 1.0, 0.0, 0.0, 1.0, 0.0, 1.0]"
41570,training,Title: UnDaTheC acoustic version. Artist: Simone Cicconi. Album: Absolute Balance. Genre: Folk,Folk,"[1.0, 0.0, 1.0, 0.0, 0.0, 0.0, 0.0, 0.0, 0.0, 0.0, 0.0, 1.0, 0.0, 0.0, 1.0, 0.0, 0.0, 1.0, 0.0, 1.0]"
41573,training,Title: Autumn. Artist: Janne Hanhisuanto. Album: Absolute Balance. Genre: Instrumental,Instrumental,"[1.0, 0.0, 1.0, 0.0, 0.0, 0.0, 0.0, 0.0, 0.0, 0.0, 0.0, 1.0, 0.0, 0.0, 1.0, 0.0, 0.0, 1.0, 0.0, 1.0]"
42014,training,Title: Skango - Volfoniq rmx (Canada). Artist: Caballo and the Mothafu Kings. Album: La Boite A Sons - Contest Contributions. Genre: International,International,"[0.0, 1.0, 0.0, 0.0, 0.0, 0.0, 0.0, 0.0, 0.0, 0.0, 0.0, 0.0, 1.0, 0.0, 0.0, 0.0, 0.0, 0.0, 0.0, 1.0]"
42016,training,Title: Them never love the flowers - Jambassa rmx by Dub One! (Germany). Artist: Dub One!. Album: La Boite A Sons - Contest Contributions. Genre: International,International,"[0.0, 1.0, 0.0, 0.0, 0.0, 0.0, 0.0, 0.0, 0.0, 0.0, 0.0, 0.0, 1.0, 0.0, 0.0, 0.0, 0.0, 0.0, 0.0, 1.0]"
42017,training,Title: There is a tower on that hill (Greece). Artist: Dub Riots. Album: La Boite A Sons - Contest Contributions. Genre: International,International,"[0.0, 1.0, 0.0, 0.0, 0.0, 0.0, 0.0, 0.0, 0.0, 0.0, 0.0, 0.0, 1.0, 0.0, 0.0, 0.0, 0.0, 0.0, 0.0, 1.0]"
42019,training,Title: Them Never Love No Bans - DnB Mix (Germany). Artist: Hot Fire. Album: La Boite A Sons - Contest Contributions. Genre: Electronic,Electronic,"[0.0, 1.0, 0.0, 0.0, 0.0, 0.0, 0.0, 0.0, 0.0, 0.0, 0.0, 0.0, 1.0, 0.0, 0.0, 0.0, 0.0, 0.0, 0.0, 1.0]"
42020,training,Title: Real Avatar  (Jamaica). Artist: Jah Henchman. Album: La Boite A Sons - Contest Contributions. Genre: International,International,"[0.0, 1.0, 0.0, 0.0, 0.0, 0.0, 0.0, 0.0, 0.0, 0.0, 0.0, 0.0, 1.0, 0.0, 0.0, 0.0, 0.0, 0.0, 0.0, 1.0]"
42023,training,Title: No Banned Dubs  (Greece). Artist: Lowknee. Album: La Boite A Sons - Contest Contributions. Genre: International,International,"[0.0, 1.0, 0.0, 0.0, 0.0, 0.0, 0.0, 0.0, 0.0, 0.0, 0.0, 0.0, 1.0, 0.0, 0.0, 0.0, 0.0, 0.0, 0.0, 1.0]"
42025,training,Title: Live much longer (Jamaica). Artist: Money Pallet. Album: La Boite A Sons - Contest Contributions. Genre: International,International,"[0.0, 1.0, 0.0, 0.0, 0.0, 0.0, 0.0, 0.0, 0.0, 0.0, 0.0, 0.0, 1.0, 0.0, 0.0, 0.0, 0.0, 0.0, 0.0, 1.0]"
42029,training,Title: Drumsong Riddim - dubshot's boombastic redub (Lowlands). Artist: Tony Dubshot. Album: La Boite A Sons - Contest Contributions. Genre: International,International,"[0.0, 1.0, 0.0, 0.0, 0.0, 0.0, 0.0, 0.0, 0.0, 0.0, 0.0, 0.0, 1.0, 0.0, 0.0, 0.0, 0.0, 0.0, 0.0, 1.0]"
42030,training,Title: Live to Raze again (Jamaica). Artist: Triple D. Album: La Boite A Sons - Contest Contributions. Genre: International,International,"[0.0, 1.0, 0.0, 0.0, 0.0, 0.0, 0.0, 0.0, 0.0, 0.0, 0.0, 0.0, 1.0, 0.0, 0.0, 0.0, 0.0, 0.0, 0.0, 1.0]"
42031,training,Title: Henri Martin Affair  (Sweden). Artist: Uffe. Album: La Boite A Sons - Contest Contributions. Genre: International,International,"[0.0, 1.0, 0.0, 0.0, 0.0, 0.0, 0.0, 0.0, 0.0, 0.0, 0.0, 0.0, 1.0, 0.0, 0.0, 0.0, 0.0, 0.0, 0.0, 1.0]"
43962,training,Title: At the Foothills. Artist: James Beaudreau. Album: Astral Law (WBR 35). Genre: Folk,Folk,"[1.0, 0.0, 0.0, 1.0, 0.0, 0.0, 0.0, 0.0, 0.0, 0.0, 0.0, 0.0, 0.0, 0.0, 0.0, 0.0, 0.0, 0.0, 0.0, 0.0]"
43965,training,Title: American Gothic. Artist: James Beaudreau. Album: Astral Law (WBR 35). Genre: Folk,Folk,"[1.0, 0.0, 0.0, 1.0, 0.0, 0.0, 0.0, 0.0, 0.0, 0.0, 0.0, 0.0, 0.0, 0.0, 0.0, 0.0, 0.0, 0.0, 0.0, 0.0]"
45513,training,Title: Oh mary what have you done. Artist: Plusplus. Album: Evils. Genre: Folk,Folk,"[0.0, 0.0, 0.0, 1.0, 0.0, 0.0, 0.0, 0.0, 0.0, 0.0, 0.0, 0.0, 0.0, 0.0, 0.0, 1.0, 0.0, 0.0, 0.0, 0.0]"
45514,training,Title: Evils. Artist: Plusplus. Album: Evils. Genre: Folk,Folk,"[0.0, 0.0, 0.0, 1.0, 0.0, 0.0, 0.0, 0.0, 0.0, 0.0, 0.0, 0.0, 0.0, 0.0, 0.0, 1.0, 0.0, 0.0, 0.0, 0.0]"
45515,training,Title: Broken boiler. Artist: Plusplus. Album: Evils. Genre: Folk,Folk,"[0.0, 0.0, 0.0, 1.0, 0.0, 0.0, 0.0, 0.0, 0.0, 0.0, 0.0, 0.0, 0.0, 0.0, 0.0, 1.0, 0.0, 0.0, 0.0, 0.0]"
45516,training,Title: We wont be mowing today. Artist: Plusplus. Album: Evils. Genre: Folk,Folk,"[0.0, 0.0, 0.0, 1.0, 0.0, 0.0, 0.0, 0.0, 0.0, 0.0, 0.0, 0.0, 0.0, 0.0, 0.0, 1.0, 0.0, 0.0, 0.0, 0.0]"
45517,training,Title: Tip toes. Artist: Plusplus. Album: Evils. Genre: Folk,Folk,"[0.0, 0.0, 0.0, 1.0, 0.0, 0.0, 0.0, 0.0, 0.0, 0.0, 0.0, 0.0, 0.0, 0.0, 0.0, 1.0, 0.0, 0.0, 0.0, 0.0]"
45518,training,Title: Chicago. Artist: Plusplus. Album: Evils. Genre: Folk,Folk,"[0.0, 0.0, 0.0, 1.0, 0.0, 0.0, 0.0, 0.0, 0.0, 0.0, 0.0, 0.0, 0.0, 0.0, 0.0, 1.0, 0.0, 0.0, 0.0, 0.0]"
45519,training,Title: Swimmer. Artist: Plusplus. Album: Evils. Genre: Folk,Folk,"[0.0, 0.0, 0.0, 1.0, 0.0, 0.0, 0.0, 0.0, 0.0, 0.0, 0.0, 0.0, 0.0, 0.0, 0.0, 1.0, 0.0, 0.0, 0.0, 0.0]"
45520,training,Title: Sisters. Artist: Plusplus. Album: Evils. Genre: Folk,Folk,"[0.0, 0.0, 0.0, 1.0, 0.0, 0.0, 0.0, 0.0, 0.0, 0.0, 0.0, 0.0, 0.0, 0.0, 0.0, 1.0, 0.0, 0.0, 0.0, 0.0]"
45521,training,Title: Rivers. Artist: Plusplus. Album: Evils. Genre: Folk,Folk,"[0.0, 0.0, 0.0, 1.0, 0.0, 0.0, 0.0, 0.0, 0.0, 0.0, 0.0, 0.0, 0.0, 0.0, 0.0, 1.0, 0.0, 0.0, 0.0, 0.0]"
45522,training,Title: Windings. Artist: Plusplus. Album: Evils. Genre: Folk,Folk,"[0.0, 0.0, 0.0, 1.0, 0.0, 0.0, 0.0, 0.0, 0.0, 0.0, 0.0, 0.0, 0.0, 0.0, 0.0, 1.0, 0.0, 0.0, 0.0, 0.0]"
45523,training,Title: North bank upper. Artist: Plusplus. Album: Evils. Genre: Folk,Folk,"[0.0, 0.0, 0.0, 1.0, 0.0, 0.0, 0.0, 0.0, 0.0, 0.0, 0.0, 0.0, 0.0, 0.0, 0.0, 1.0, 0.0, 0.0, 0.0, 0.0]"
47657,training,Title: Post. Artist: Haute Culture. Album: Chordial [LCL06]. Genre: Electronic,Electronic,"[0.0, 0.0, 0.0, 0.0, 0.0, 0.0, 0.0, 0.0, 0.0, 0.0, 0.0, 0.0, 1.0, 1.0, 0.0, 0.0, 0.0, 0.0, 0.0, 0.0]"
47658,training,Title: Chordial. Artist: Haute Culture. Album: Chordial [LCL06]. Genre: Electronic,Electronic,"[0.0, 0.0, 0.0, 0.0, 0.0, 0.0, 0.0, 0.0, 0.0, 0.0, 0.0, 0.0, 1.0, 1.0, 0.0, 0.0, 0.0, 0.0, 0.0, 0.0]"
47659,training,Title: Erinnerung (snippet Nina Simone). Artist: Haute Culture. Album: Chordial [LCL06]. Genre: Electronic,Electronic,"[0.0, 0.0, 0.0, 0.0, 0.0, 0.0, 0.0, 0.0, 0.0, 0.0, 0.0, 0.0, 1.0, 1.0, 0.0, 0.0, 0.0, 0.0, 0.0, 0.0]"
47660,training,Title: Gladias. Artist: Haute Culture. Album: Chordial [LCL06]. Genre: Electronic,Electronic,"[0.0, 0.0, 0.0, 0.0, 0.0, 0.0, 0.0, 0.0, 0.0, 0.0, 0.0, 0.0, 1.0, 1.0, 0.0, 0.0, 0.0, 0.0, 0.0, 0.0]"
53729,training,Title: 01 Whales. Artist: Adriano Orru. Album: Hesperos. Genre: Experimental,Experimental,"[1.0, 0.0, 0.0, 1.0, 0.0, 0.0, 0.0, 0.0, 0.0, 0.0, 0.0, 0.0, 0.0, 0.0, 0.0, 0.0, 0.0, 0.0, 0.0, 0.0]"
56010,training,Title: Lights Out. Artist: Tone Poets. Album: Treble. Genre: Experimental,Experimental,"[1.0, 0.0, 1.0, 0.0, 0.0, 0.0, 0.0, 1.0, 0.0, 0.0, 0.0, 0.0, 0.0, 0.0, 0.0, 0.0, 0.0, 0.0, 0.0, 0.0]"
56015,training,Title: Surface. Artist: Tone Poets. Album: Treble. Genre: Experimental,Experimental,"[1.0, 0.0, 1.0, 0.0, 0.0, 0.0, 0.0, 1.0, 0.0, 0.0, 0.0, 0.0, 0.0, 0.0, 0.0, 0.0, 0.0, 0.0, 0.0, 0.0]"
56020,training,Title: A Soft Place. Artist: Tone Poets. Album: Treble. Genre: Experimental,Experimental,"[1.0, 0.0, 1.0, 0.0, 0.0, 0.0, 0.0, 1.0, 0.0, 0.0, 0.0, 0.0, 0.0, 0.0, 0.0, 0.0, 0.0, 0.0, 0.0, 0.0]"
56028,training,Title: love love what can you say love. Artist: Origami Repetika. Album: 2 high fidelity songs 4 headphones. Genre: Electronic,Electronic,"[0.0, 1.0, 0.0, 0.0, 0.0, 0.0, 0.0, 0.0, 0.0, 0.0, 0.0, 0.0, 0.0, 0.0, 0.0, 0.0, 0.0, 0.0, 0.0, 0.0]"
56029,training,Title: one two 3 4. Artist: Origami Repetika. Album: 2 high fidelity songs 4 headphones. Genre: Electronic,Electronic,"[0.0, 1.0, 0.0, 0.0, 0.0, 0.0, 0.0, 0.0, 0.0, 0.0, 0.0, 0.0, 0.0, 0.0, 0.0, 0.0, 0.0, 0.0, 0.0, 0.0]"
56795,training,Title: Happiness Is. Artist: Podington Bear. Album: Egress. Genre: Electronic,Electronic,"[0.0, 0.0, 0.0, 1.0, 0.0, 0.0, 0.0, 0.0, 0.0, 0.0, 0.0, 0.0, 0.0, 0.0, 0.0, 0.0, 0.0, 0.0, 0.0, 0.0]"
56796,training,Title: The Pigeon Strut. Artist: Podington Bear. Album: Egress. Genre: Electronic,Electronic,"[0.0, 0.0, 0.0, 1.0, 0.0, 0.0, 0.0, 0.0, 0.0, 0.0, 0.0, 0.0, 0.0, 0.0, 0.0, 0.0, 0.0, 0.0, 0.0, 0.0]"
56797,training,Title: Herbie. Artist: Podington Bear. Album: Egress. Genre: Electronic,Electronic,"[0.0, 0.0, 0.0, 1.0, 0.0, 0.0, 0.0, 0.0, 0.0, 0.0, 0.0, 0.0, 0.0, 0.0, 0.0, 0.0, 0.0, 0.0, 0.0, 0.0]"
56798,training,Title: Breezin. Artist: Podington Bear. Album: Egress. Genre: Electronic,Electronic,"[0.0, 0.0, 0.0, 1.0, 0.0, 0.0, 0.0, 0.0, 0.0, 0.0, 0.0, 0.0, 0.0, 0.0, 0.0, 0.0, 0.0, 0.0, 0.0, 0.0]"
56799,training,Title: Twinkie. Artist: Podington Bear. Album: Egress. Genre: Electronic,Electronic,"[0.0, 0.0, 0.0, 1.0, 0.0, 0.0, 0.0, 0.0, 0.0, 0.0, 0.0, 0.0, 0.0, 0.0, 0.0, 0.0, 0.0, 0.0, 0.0, 0.0]"
56800,training,Title: Jazzer Incisors. Artist: Podington Bear. Album: Egress. Genre: Electronic,Electronic,"[0.0, 0.0, 0.0, 1.0, 0.0, 0.0, 0.0, 0.0, 0.0, 0.0, 0.0, 0.0, 0.0, 0.0, 0.0, 0.0, 0.0, 0.0, 0.0, 0.0]"
56801,training,Title: Sneaker Chase. Artist: Podington Bear. Album: Egress. Genre: Electronic,Electronic,"[0.0, 0.0, 0.0, 1.0, 0.0, 0.0, 0.0, 0.0, 0.0, 0.0, 0.0, 0.0, 0.0, 0.0, 0.0, 0.0, 0.0, 0.0, 0.0, 0.0]"
56802,training,Title: Falcon Hood. Artist: Podington Bear. Album: Egress. Genre: Electronic,Electronic,"[0.0, 0.0, 0.0, 1.0, 0.0, 0.0, 0.0, 0.0, 0.0, 0.0, 0.0, 0.0, 0.0, 0.0, 0.0, 0.0, 0.0, 0.0, 0.0, 0.0]"
56803,training,Title: Operatives. Artist: Podington Bear. Album: Egress. Genre: Electronic,Electronic,"[0.0, 0.0, 0.0, 1.0, 0.0, 0.0, 0.0, 0.0, 0.0, 0.0, 0.0, 0.0, 0.0, 0.0, 0.0, 0.0, 0.0, 0.0, 0.0, 0.0]"
56804,training,Title: Mutinee. Artist: Podington Bear. Album: Egress. Genre: Electronic,Electronic,"[0.0, 0.0, 0.0, 1.0, 0.0, 0.0, 0.0, 0.0, 0.0, 0.0, 0.0, 0.0, 0.0, 0.0, 0.0, 0.0, 0.0, 0.0, 0.0, 0.0]"
56805,training,Title: Origami. Artist: Podington Bear. Album: Egress. Genre: Electronic,Electronic,"[0.0, 0.0, 0.0, 1.0, 0.0, 0.0, 0.0, 0.0, 0.0, 0.0, 0.0, 0.0, 0.0, 0.0, 0.0, 0.0, 0.0, 0.0, 0.0, 0.0]"
57417,training,Title: Opasenye [NONIMX]. Artist: theAudiologist. Album: Idios Kosmos. Genre: Electronic,Electronic,"[1.0, 0.0, 0.0, 0.0, 1.0, 0.0, 0.0, 0.0, 0.0, 0.0, 1.0, 0.0, 1.0, 1.0, 0.0, 0.0, 0.0, 0.0, 1.0, 0.0]"
61006,training,"Title: Week One. Artist: Ben von Wildenhaus. Album: Instrumental Quaalude, vol. 1. Genre: Folk",Folk,"[1.0, 0.0, 0.0, 1.0, 0.0, 0.0, 0.0, 0.0, 0.0, 0.0, 0.0, 0.0, 0.0, 0.0, 0.0, 0.0, 0.0, 0.0, 0.0, 0.0]"
61007,training,"Title: Week Two. Artist: Ben von Wildenhaus. Album: Instrumental Quaalude, vol. 1. Genre: Folk",Folk,"[1.0, 0.0, 0.0, 1.0, 0.0, 0.0, 0.0, 0.0, 0.0, 0.0, 0.0, 0.0, 0.0, 0.0, 0.0, 0.0, 0.0, 0.0, 0.0, 0.0]"
61008,training,"Title: Week Four. Artist: Ben von Wildenhaus. Album: Instrumental Quaalude, vol. 1. Genre: Folk",Folk,"[1.0, 0.0, 0.0, 1.0, 0.0, 0.0, 0.0, 0.0, 0.0, 0.0, 0.0, 0.0, 0.0, 0.0, 0.0, 0.0, 0.0, 0.0, 0.0, 0.0]"
61010,training,"Title: Week Six. Artist: Ben von Wildenhaus. Album: Instrumental Quaalude, vol. 1. Genre: Folk",Folk,"[1.0, 0.0, 0.0, 1.0, 0.0, 0.0, 0.0, 0.0, 0.0, 0.0, 0.0, 0.0, 0.0, 0.0, 0.0, 0.0, 0.0, 0.0, 0.0, 0.0]"
61011,training,"Title: Week Seven. Artist: Ben von Wildenhaus. Album: Instrumental Quaalude, vol. 1. Genre: Folk",Folk,"[1.0, 0.0, 0.0, 1.0, 0.0, 0.0, 0.0, 0.0, 0.0, 0.0, 0.0, 0.0, 0.0, 0.0, 0.0, 0.0, 0.0, 0.0, 0.0, 0.0]"
61012,training,"Title: Week Eight. Artist: Ben von Wildenhaus. Album: Instrumental Quaalude, vol. 1. Genre: Folk",Folk,"[1.0, 0.0, 0.0, 1.0, 0.0, 0.0, 0.0, 0.0, 0.0, 0.0, 0.0, 0.0, 0.0, 0.0, 0.0, 0.0, 0.0, 0.0, 0.0, 0.0]"
61013,training,"Title: Week Nine. Artist: Ben von Wildenhaus. Album: Instrumental Quaalude, vol. 1. Genre: Folk",Folk,"[1.0, 0.0, 0.0, 1.0, 0.0, 0.0, 0.0, 0.0, 0.0, 0.0, 0.0, 0.0, 0.0, 0.0, 0.0, 0.0, 0.0, 0.0, 0.0, 0.0]"
62426,training,Title: Vladimir Estragon. Artist: Jahzzar. Album: Blinded by Dust. Genre: Folk,Folk,"[0.0, 0.0, 0.0, 1.0, 0.0, 0.0, 0.0, 0.0, 0.0, 0.0, 0.0, 0.0, 0.0, 0.0, 1.0, 0.0, 0.0, 0.0, 0.0, 0.0]"
62436,training,Title: Fastest Man on Earth. Artist: Jahzzar. Album: Blinded by Dust. Genre: Pop,Pop,"[0.0, 0.0, 0.0, 1.0, 0.0, 0.0, 0.0, 0.0, 0.0, 0.0, 0.0, 0.0, 0.0, 0.0, 1.0, 0.0, 0.0, 0.0, 0.0, 0.0]"
62445,training,Title: Comic. Artist: Jahzzar. Album: Comic. Genre: Rock,Rock,"[0.0, 0.0, 0.0, 1.0, 0.0, 0.0, 0.0, 0.0, 0.0, 0.0, 0.0, 0.0, 0.0, 0.0, 0.0, 0.0, 0.0, 0.0, 0.0, 0.0]"
62449,training,Title: Maybe. Artist: Jahzzar. Album: Comic. Genre: Pop,Pop,"[0.0, 0.0, 0.0, 1.0, 0.0, 0.0, 0.0, 0.0, 0.0, 0.0, 0.0, 0.0, 0.0, 0.0, 0.0, 0.0, 0.0, 0.0, 0.0, 0.0]"
62671,training,Title: Striped blue vinyl. Artist: Jahzzar. Album: RawDub. Genre: Electronic,Electronic,"[0.0, 0.0, 0.0, 0.0, 0.0, 0.0, 1.0, 0.0, 0.0, 0.0, 0.0, 0.0, 0.0, 0.0, 0.0, 0.0, 1.0, 0.0, 0.0, 0.0]"
62748,training,Title: Haunted. Artist: Jahzzar. Album: Wake Up. Genre: Pop,Pop,"[0.0, 0.0, 0.0, 1.0, 0.0, 0.0, 0.0, 0.0, 0.0, 0.0, 0.0, 0.0, 0.0, 0.0, 0.0, 0.0, 0.0, 0.0, 0.0, 0.0]"
62749,training,Title: Heartbreaker. Artist: Jahzzar. Album: Wake Up. Genre: Pop,Pop,"[0.0, 0.0, 0.0, 1.0, 0.0, 0.0, 0.0, 0.0, 0.0, 0.0, 0.0, 0.0, 0.0, 0.0, 0.0, 0.0, 0.0, 0.0, 0.0, 0.0]"
62750,training,Title: Roller-skate. Artist: Jahzzar. Album: Wake Up. Genre: Pop,Pop,"[0.0, 0.0, 0.0, 1.0, 0.0, 0.0, 0.0, 0.0, 0.0, 0.0, 0.0, 0.0, 0.0, 0.0, 0.0, 0.0, 0.0, 0.0, 0.0, 0.0]"
62751,training,Title: Birthday Cake. Artist: Jahzzar. Album: Wake Up. Genre: Pop,Pop,"[0.0, 0.0, 0.0, 1.0, 0.0, 0.0, 0.0, 0.0, 0.0, 0.0, 0.0, 0.0, 0.0, 0.0, 0.0, 0.0, 0.0, 0.0, 0.0, 0.0]"
62753,training,Title: VHS. Artist: Jahzzar. Album: Wake Up. Genre: Pop,Pop,"[0.0, 0.0, 0.0, 1.0, 0.0, 0.0, 0.0, 0.0, 0.0, 0.0, 0.0, 0.0, 0.0, 0.0, 0.0, 0.0, 0.0, 0.0, 0.0, 0.0]"
63287,training,Title: I Was The Killer. Artist: I Was A Teenage Strangler Soundtrack. Album: I Was A Teenage Strangler Soundtrack. Genre: Instrumental,Instrumental,"[1.0, 0.0, 0.0, 0.0, 0.0, 0.0, 0.0, 0.0, 0.0, 0.0, 0.0, 0.0, 0.0, 0.0, 0.0, 0.0, 0.0, 0.0, 0.0, 0.0]"
63289,training,Title: Ticking eye. Artist: I Was A Teenage Strangler Soundtrack. Album: I Was A Teenage Strangler Soundtrack. Genre: Instrumental,Instrumental,"[1.0, 0.0, 0.0, 0.0, 0.0, 0.0, 0.0, 0.0, 0.0, 0.0, 0.0, 0.0, 0.0, 0.0, 0.0, 0.0, 0.0, 0.0, 0.0, 0.0]"
63290,training,Title: Creep 04 (minimal). Artist: I Was A Teenage Strangler Soundtrack. Album: I Was A Teenage Strangler Soundtrack. Genre: Instrumental,Instrumental,"[1.0, 0.0, 0.0, 0.0, 0.0, 0.0, 0.0, 0.0, 0.0, 0.0, 0.0, 0.0, 0.0, 0.0, 0.0, 0.0, 0.0, 0.0, 0.0, 0.0]"
63291,training,Title: March of the Teenagers pt. 2. Artist: I Was A Teenage Strangler Soundtrack. Album: I Was A Teenage Strangler Soundtrack. Genre: Instrumental,Instrumental,"[1.0, 0.0, 0.0, 0.0, 0.0, 0.0, 0.0, 0.0, 0.0, 0.0, 0.0, 0.0, 0.0, 0.0, 0.0, 0.0, 0.0, 0.0, 0.0, 0.0]"
63292,training,Title: Outtake. Artist: I Was A Teenage Strangler Soundtrack. Album: I Was A Teenage Strangler Soundtrack. Genre: Instrumental,Instrumental,"[1.0, 0.0, 0.0, 0.0, 0.0, 0.0, 0.0, 0.0, 0.0, 0.0, 0.0, 0.0, 0.0, 0.0, 0.0, 0.0, 0.0, 0.0, 0.0, 0.0]"
63655,training,Title: Part I. Artist: Jahzzar. Album: Moonxine. Genre: Electronic,Electronic,"[0.0, 0.0, 0.0, 0.0, 1.0, 0.0, 1.0, 0.0, 0.0, 0.0, 0.0, 0.0, 0.0, 0.0, 0.0, 0.0, 1.0, 0.0, 0.0, 0.0]"
64093,training,Title: sweet talking. Artist: Alcove. Album: Bit by Bit. Genre: Experimental,Experimental,"[0.0, 1.0, 0.0, 0.0, 0.0, 0.0, 0.0, 0.0, 0.0, 0.0, 0.0, 0.0, 0.0, 0.0, 0.0, 0.0, 0.0, 0.0, 0.0, 0.0]"
64331,training,Title: Promo Mix Vocal Edit (Luv Dub Mix). Artist: Pierlo. Album: Can't Unfeel the Rhythm EP (Commerciale '94 Megamix). Genre: Electronic,Electronic,"[0.0, 0.0, 0.0, 0.0, 1.0, 0.0, 0.0, 0.0, 0.0, 0.0, 0.0, 0.0, 1.0, 0.0, 0.0, 0.0, 0.0, 0.0, 0.0, 0.0]"
64332,training,Title: Passion Unlimited (Beat to the Feeling 94 Version). Artist: Pierlo. Album: Can't Unfeel the Rhythm EP (Commerciale '94 Megamix). Genre: Electronic,Electronic,"[0.0, 0.0, 0.0, 0.0, 1.0, 0.0, 0.0, 0.0, 0.0, 0.0, 0.0, 0.0, 1.0, 0.0, 0.0, 0.0, 0.0, 0.0, 0.0, 0.0]"
64333,training,Title: You Can't Unfeel The Rhythm (DJ JC Radio Edit). Artist: Pierlo. Album: Can't Unfeel the Rhythm EP (Commerciale '94 Megamix). Genre: Electronic,Electronic,"[0.0, 0.0, 0.0, 0.0, 1.0, 0.0, 0.0, 0.0, 0.0, 0.0, 0.0, 0.0, 1.0, 0.0, 0.0, 0.0, 0.0, 0.0, 0.0, 0.0]"
64334,training,Title: Everybody Dance (All Night Luv Garage Edit) feat. Alexia Dee's. Artist: Pierlo. Album: Can't Unfeel the Rhythm EP (Commerciale '94 Megamix). Genre: Electronic,Electronic,"[0.0, 0.0, 0.0, 0.0, 1.0, 0.0, 0.0, 0.0, 0.0, 0.0, 0.0, 0.0, 1.0, 0.0, 0.0, 0.0, 0.0, 0.0, 0.0, 0.0]"
64594,training,Title: banjo mouth. Artist: Buildings and Mountains. Album: Summer Gut String. Genre: Experimental,Experimental,"[1.0, 0.0, 1.0, 0.0, 0.0, 0.0, 0.0, 0.0, 0.0, 0.0, 0.0, 0.0, 0.0, 0.0, 0.0, 0.0, 0.0, 0.0, 0.0, 0.0]"
64601,training,Title: Start Running. Artist: Buildings and Mountains. Album: Summer Gut String. Genre: Experimental,Experimental,"[1.0, 0.0, 1.0, 0.0, 0.0, 0.0, 0.0, 0.0, 0.0, 0.0, 0.0, 0.0, 0.0, 0.0, 0.0, 0.0, 0.0, 0.0, 0.0, 0.0]"
64604,training,Title: i dont want to die alone. Artist: Buildings and Mountains. Album: Summer Gut String. Genre: Experimental,Experimental,"[1.0, 0.0, 1.0, 0.0, 0.0, 0.0, 0.0, 0.0, 0.0, 0.0, 0.0, 0.0, 0.0, 0.0, 0.0, 0.0, 0.0, 0.0, 0.0, 0.0]"
66525,training,Title: Bending Light. Artist: krackatoa. Album: Monkies in the Temple. Genre: Instrumental,Instrumental,"[0.0, 0.0, 0.0, 1.0, 0.0, 0.0, 0.0, 0.0, 0.0, 0.0, 0.0, 0.0, 0.0, 0.0, 0.0, 0.0, 0.0, 0.0, 0.0, 0.0]"
66757,training,Title: Under the Mountain. Artist: krackatoa. Album: Sun Dripping Down the Stainglass. Genre: Instrumental,Instrumental,"[0.0, 1.0, 0.0, 1.0, 0.0, 0.0, 0.0, 0.0, 0.0, 0.0, 0.0, 0.0, 0.0, 0.0, 0.0, 0.0, 1.0, 0.0, 0.0, 0.0]"
67829,training,Title: Shaking Boombah. Artist: krackatoa. Album: The Universal Fluff Theory. Genre: Experimental,Experimental,"[0.0, 0.0, 0.0, 1.0, 0.0, 0.0, 0.0, 0.0, 0.0, 0.0, 0.0, 0.0, 0.0, 0.0, 0.0, 0.0, 0.0, 0.0, 0.0, 0.0]"
69567,training,Title: Your Chime. Artist: Dead Doves. Album: Dead Doves. Genre: Folk,Folk,"[1.0, 0.0, 1.0, 0.0, 0.0, 0.0, 0.0, 0.0, 0.0, 0.0, 0.0, 0.0, 0.0, 0.0, 0.0, 1.0, 0.0, 0.0, 0.0, 0.0]"
73363,training,Title: Triangulate. Artist: Deltason. Album: Solar Phases. Genre: Electronic,Electronic,"[1.0, 1.0, 0.0, 0.0, 1.0, 0.0, 0.0, 0.0, 0.0, 0.0, 0.0, 0.0, 1.0, 0.0, 0.0, 0.0, 0.0, 0.0, 0.0, 0.0]"
73365,training,Title: Ground Loop. Artist: Deltason. Album: Solar Phases. Genre: Electronic,Electronic,"[1.0, 1.0, 0.0, 0.0, 1.0, 0.0, 0.0, 0.0, 0.0, 0.0, 0.0, 0.0, 1.0, 0.0, 0.0, 0.0, 0.0, 0.0, 0.0, 0.0]"
73366,training,Title: Night Terrors  (Ft. Konuvvi). Artist: Deltason. Album: Solar Phases. Genre: Electronic,Electronic,"[1.0, 1.0, 0.0, 0.0, 1.0, 0.0, 0.0, 0.0, 0.0, 0.0, 0.0, 0.0, 1.0, 0.0, 0.0, 0.0, 0.0, 0.0, 0.0, 0.0]"
73367,training,Title: Back To Earth. Artist: Deltason. Album: Solar Phases. Genre: Electronic,Electronic,"[1.0, 1.0, 0.0, 0.0, 1.0, 0.0, 0.0, 0.0, 0.0, 0.0, 0.0, 0.0, 1.0, 0.0, 0.0, 0.0, 0.0, 0.0, 0.0, 0.0]"
73368,training,Title: Flow Of The River. Artist: Deltason. Album: Solar Phases. Genre: Electronic,Electronic,"[1.0, 1.0, 0.0, 0.0, 1.0, 0.0, 0.0, 0.0, 0.0, 0.0, 0.0, 0.0, 1.0, 0.0, 0.0, 0.0, 0.0, 0.0, 0.0, 0.0]"
73369,training,Title: Remote. Artist: Deltason. Album: Solar Phases. Genre: Electronic,Electronic,"[1.0, 1.0, 0.0, 0.0, 1.0, 0.0, 0.0, 0.0, 0.0, 0.0, 0.0, 0.0, 1.0, 0.0, 0.0, 0.0, 0.0, 0.0, 0.0, 0.0]"
73370,training,Title: Tunnel Vision. Artist: Deltason. Album: Solar Phases. Genre: Electronic,Electronic,"[1.0, 1.0, 0.0, 0.0, 1.0, 0.0, 0.0, 0.0, 0.0, 0.0, 0.0, 0.0, 1.0, 0.0, 0.0, 0.0, 0.0, 0.0, 0.0, 0.0]"
73371,training,Title: North Western. Artist: Deltason. Album: Solar Phases. Genre: Electronic,Electronic,"[1.0, 1.0, 0.0, 0.0, 1.0, 0.0, 0.0, 0.0, 0.0, 0.0, 0.0, 0.0, 1.0, 0.0, 0.0, 0.0, 0.0, 0.0, 0.0, 0.0]"
73372,training,Title: Garden Theme. Artist: Deltason. Album: Solar Phases. Genre: Electronic,Electronic,"[1.0, 1.0, 0.0, 0.0, 1.0, 0.0, 0.0, 0.0, 0.0, 0.0, 0.0, 0.0, 1.0, 0.0, 0.0, 0.0, 0.0, 0.0, 0.0, 0.0]"
73495,training,Title: Mariachi Bandits of Gatling Gun Ridge. Artist: krackatoa. Album: Dining On Backs of the Brave. Genre: Instrumental,Instrumental,"[0.0, 0.0, 0.0, 1.0, 0.0, 0.0, 0.0, 0.0, 0.0, 0.0, 0.0, 0.0, 1.0, 0.0, 0.0, 0.0, 0.0, 0.0, 0.0, 0.0]"
73566,training,Title: The Mirror Wall. Artist: James Beaudreau. Album: Astral Law (WBR 35). Genre: Folk,Folk,"[1.0, 0.0, 0.0, 1.0, 0.0, 0.0, 0.0, 0.0, 0.0, 0.0, 0.0, 0.0, 0.0, 0.0, 0.0, 0.0, 0.0, 0.0, 0.0, 0.0]"
73568,training,Title: Reginald Earth. Artist: James Beaudreau. Album: Astral Law (WBR 35). Genre: Folk,Folk,"[1.0, 0.0, 0.0, 1.0, 0.0, 0.0, 0.0, 0.0, 0.0, 0.0, 0.0, 0.0, 0.0, 0.0, 0.0, 0.0, 0.0, 0.0, 0.0, 0.0]"
73572,training,Title: Easy Pieces No4. Artist: James Beaudreau. Album: Astral Law (WBR 35). Genre: Folk,Folk,"[1.0, 0.0, 0.0, 1.0, 0.0, 0.0, 0.0, 0.0, 0.0, 0.0, 0.0, 0.0, 0.0, 0.0, 0.0, 0.0, 0.0, 0.0, 0.0, 0.0]"
73573,training,Title: Devotional. Artist: James Beaudreau. Album: Astral Law (WBR 35). Genre: Folk,Folk,"[1.0, 0.0, 0.0, 1.0, 0.0, 0.0, 0.0, 0.0, 0.0, 0.0, 0.0, 0.0, 0.0, 0.0, 0.0, 0.0, 0.0, 0.0, 0.0, 0.0]"
73580,training,Title: Quiver. Artist: James Beaudreau. Album: Astral Law (WBR 35). Genre: Folk,Folk,"[1.0, 0.0, 0.0, 1.0, 0.0, 0.0, 0.0, 0.0, 0.0, 0.0, 0.0, 0.0, 0.0, 0.0, 0.0, 0.0, 0.0, 0.0, 0.0, 0.0]"
73584,training,Title: Goodmorning Junction. Artist: James Beaudreau. Album: Astral Law (WBR 35). Genre: Folk,Folk,"[1.0, 0.0, 0.0, 1.0, 0.0, 0.0, 0.0, 0.0, 0.0, 0.0, 0.0, 0.0, 0.0, 0.0, 0.0, 0.0, 0.0, 0.0, 0.0, 0.0]"
73585,training,Title: Stellar Rushes. Artist: James Beaudreau. Album: Astral Law (WBR 35). Genre: Folk,Folk,"[1.0, 0.0, 0.0, 1.0, 0.0, 0.0, 0.0, 0.0, 0.0, 0.0, 0.0, 0.0, 0.0, 0.0, 0.0, 0.0, 0.0, 0.0, 0.0, 0.0]"
73587,training,Title: Listening. Artist: James Beaudreau. Album: Astral Law (WBR 35). Genre: Folk,Folk,"[1.0, 0.0, 0.0, 1.0, 0.0, 0.0, 0.0, 0.0, 0.0, 0.0, 0.0, 0.0, 0.0, 0.0, 0.0, 0.0, 0.0, 0.0, 0.0, 0.0]"
74706,training,"Title: Fall asleep under the millions of stars (Instrumental). Artist: springtide. Album: Sounds strange, weird, but unmistakably romantic (beta). Genre: Rock",Rock,"[0.0, 1.0, 0.0, 1.0, 0.0, 0.0, 0.0, 0.0, 0.0, 0.0, 0.0, 0.0, 0.0, 0.0, 0.0, 0.0, 0.0, 0.0, 0.0, 0.0]"
80515,training,Title: Alarm. Artist: Jahzzar. Album: Crime Scene. Genre: Instrumental,Instrumental,"[0.0, 0.0, 0.0, 1.0, 0.0, 0.0, 0.0, 0.0, 0.0, 0.0, 0.0, 0.0, 0.0, 0.0, 0.0, 0.0, 0.0, 0.0, 0.0, 0.0]"
80516,training,Title: Battle. Artist: Jahzzar. Album: Crime Scene. Genre: Instrumental,Instrumental,"[0.0, 0.0, 0.0, 1.0, 0.0, 0.0, 0.0, 0.0, 0.0, 0.0, 0.0, 0.0, 0.0, 0.0, 0.0, 0.0, 0.0, 0.0, 0.0, 0.0]"
80517,training,Title: Breaking Bad. Artist: Jahzzar. Album: Crime Scene. Genre: Instrumental,Instrumental,"[0.0, 0.0, 0.0, 1.0, 0.0, 0.0, 0.0, 0.0, 0.0, 0.0, 0.0, 0.0, 0.0, 0.0, 0.0, 0.0, 0.0, 0.0, 0.0, 0.0]"
80518,training,Title: Change. Artist: Jahzzar. Album: Crime Scene. Genre: Instrumental,Instrumental,"[0.0, 0.0, 0.0, 1.0, 0.0, 0.0, 0.0, 0.0, 0.0, 0.0, 0.0, 0.0, 0.0, 0.0, 0.0, 0.0, 0.0, 0.0, 0.0, 0.0]"
80519,training,Title: T800. Artist: Jahzzar. Album: Crime Scene. Genre: Instrumental,Instrumental,"[0.0, 0.0, 0.0, 1.0, 0.0, 0.0, 0.0, 0.0, 0.0, 0.0, 0.0, 0.0, 0.0, 0.0, 0.0, 0.0, 0.0, 0.0, 0.0, 0.0]"
80520,training,Title: Thin Line. Artist: Jahzzar. Album: Crime Scene. Genre: Instrumental,Instrumental,"[0.0, 0.0, 0.0, 1.0, 0.0, 0.0, 0.0, 0.0, 0.0, 0.0, 0.0, 0.0, 0.0, 0.0, 0.0, 0.0, 0.0, 0.0, 0.0, 0.0]"
81189,training,"Title: Slalom (Ennio Morricone). Artist: Ak'chamel, The Giver of Illness. Album: Old Norse Mara. Genre: Experimental",Experimental,"[1.0, 0.0, 0.0, 0.0, 0.0, 0.0, 0.0, 0.0, 0.0, 0.0, 0.0, 0.0, 0.0, 0.0, 0.0, 1.0, 0.0, 0.0, 0.0, 0.0]"
81485,training,Title: Low Jack. Artist: Podington Bear. Album: Backbeat. Genre: Instrumental,Instrumental,"[0.0, 0.0, 0.0, 1.0, 0.0, 0.0, 0.0, 0.0, 0.0, 0.0, 0.0, 0.0, 0.0, 0.0, 0.0, 0.0, 0.0, 0.0, 0.0, 0.0]"
81491,training,Title: Arp and Piano Beat. Artist: Podington Bear. Album: Background. Genre: Instrumental,Instrumental,"[0.0, 0.0, 0.0, 1.0, 0.0, 0.0, 0.0, 0.0, 0.0, 0.0, 0.0, 0.0, 0.0, 0.0, 0.0, 0.0, 0.0, 0.0, 0.0, 0.0]"
81512,training,Title: Simpler. Artist: Podington Bear. Album: Background. Genre: Instrumental,Instrumental,"[0.0, 0.0, 0.0, 1.0, 0.0, 0.0, 0.0, 0.0, 0.0, 0.0, 0.0, 0.0, 0.0, 0.0, 0.0, 0.0, 0.0, 0.0, 0.0, 0.0]"
81523,training,Title: Twinkletoes. Artist: Podington Bear. Album: Background. Genre: Instrumental,Instrumental,"[0.0, 0.0, 0.0, 1.0, 0.0, 0.0, 0.0, 0.0, 0.0, 0.0, 0.0, 0.0, 0.0, 0.0, 0.0, 0.0, 0.0, 0.0, 0.0, 0.0]"
81543,training,Title: GUI. Artist: Podington Bear. Album: Driving. Genre: Instrumental,Instrumental,"[0.0, 0.0, 0.0, 1.0, 0.0, 0.0, 0.0, 0.0, 0.0, 0.0, 0.0, 0.0, 0.0, 0.0, 0.0, 0.0, 0.0, 0.0, 0.0, 0.0]"
81554,training,Title: QuasarGroove. Artist: Podington Bear. Album: Driving. Genre: Instrumental,Instrumental,"[0.0, 0.0, 0.0, 1.0, 0.0, 0.0, 0.0, 0.0, 0.0, 0.0, 0.0, 0.0, 0.0, 0.0, 0.0, 0.0, 0.0, 0.0, 0.0, 0.0]"
81555,training,Title: Rabbiting. Artist: Podington Bear. Album: Driving. Genre: Instrumental,Instrumental,"[0.0, 0.0, 0.0, 1.0, 0.0, 0.0, 0.0, 0.0, 0.0, 0.0, 0.0, 0.0, 0.0, 0.0, 0.0, 0.0, 0.0, 0.0, 0.0, 0.0]"
81565,training,Title: Baile. Artist: Podington Bear. Album: Equatorial. Genre: Instrumental,Instrumental,"[0.0, 1.0, 0.0, 1.0, 0.0, 0.0, 0.0, 0.0, 0.0, 0.0, 0.0, 0.0, 0.0, 0.0, 0.0, 0.0, 0.0, 0.0, 0.0, 0.0]"
81576,training,Title: Winjammer. Artist: Podington Bear. Album: Equatorial. Genre: Instrumental,Instrumental,"[0.0, 1.0, 0.0, 1.0, 0.0, 0.0, 0.0, 0.0, 0.0, 0.0, 0.0, 0.0, 0.0, 0.0, 0.0, 0.0, 0.0, 0.0, 0.0, 0.0]"
81586,training,Title: Molasses. Artist: Podington Bear. Album: Grit. Genre: Instrumental,Instrumental,"[0.0, 0.0, 0.0, 1.0, 0.0, 0.0, 0.0, 0.0, 0.0, 0.0, 0.0, 0.0, 0.0, 0.0, 0.0, 0.0, 0.0, 0.0, 0.0, 0.0]"
81638,training,Title: Brightening. Artist: Podington Bear. Album: Panoramic / Ambient. Genre: Instrumental,Instrumental,"[0.0, 0.0, 0.0, 1.0, 0.0, 0.0, 0.0, 0.0, 0.0, 0.0, 0.0, 0.0, 0.0, 0.0, 0.0, 0.0, 0.0, 0.0, 0.0, 0.0]"
81650,training,Title: Loaming Pulse. Artist: Podington Bear. Album: Panoramic / Ambient. Genre: Instrumental,Instrumental,"[0.0, 0.0, 0.0, 1.0, 0.0, 0.0, 0.0, 0.0, 0.0, 0.0, 0.0, 0.0, 0.0, 0.0, 0.0, 0.0, 0.0, 0.0, 0.0, 0.0]"
81660,training,Title: Swollen Cloud. Artist: Podington Bear. Album: Panoramic / Ambient. Genre: Instrumental,Instrumental,"[0.0, 0.0, 0.0, 1.0, 0.0, 0.0, 0.0, 0.0, 0.0, 0.0, 0.0, 0.0, 0.0, 0.0, 0.0, 0.0, 0.0, 0.0, 0.0, 0.0]"
82914,training,Title: Bonnies Theme. Artist: krackatoa. Album: Dining On Backs of the Brave. Genre: Instrumental,Instrumental,"[0.0, 0.0, 0.0, 1.0, 0.0, 0.0, 0.0, 0.0, 0.0, 0.0, 0.0, 0.0, 1.0, 0.0, 0.0, 0.0, 0.0, 0.0, 0.0, 0.0]"
82915,training,Title: Dining on Backs of the Brave. Artist: krackatoa. Album: Dining On Backs of the Brave. Genre: Instrumental,Instrumental,"[0.0, 0.0, 0.0, 1.0, 0.0, 0.0, 0.0, 0.0, 0.0, 0.0, 0.0, 0.0, 1.0, 0.0, 0.0, 0.0, 0.0, 0.0, 0.0, 0.0]"
82916,training,Title: Chasing Butterflies into the Snow. Artist: krackatoa. Album: Dining On Backs of the Brave. Genre: Instrumental,Instrumental,"[0.0, 0.0, 0.0, 1.0, 0.0, 0.0, 0.0, 0.0, 0.0, 0.0, 0.0, 0.0, 1.0, 0.0, 0.0, 0.0, 0.0, 0.0, 0.0, 0.0]"
82917,training,Title: Handguns in Heaven. Artist: krackatoa. Album: Dining On Backs of the Brave. Genre: Instrumental,Instrumental,"[0.0, 0.0, 0.0, 1.0, 0.0, 0.0, 0.0, 0.0, 0.0, 0.0, 0.0, 0.0, 1.0, 0.0, 0.0, 0.0, 0.0, 0.0, 0.0, 0.0]"
82918,training,Title: Ascent of Sham. Artist: krackatoa. Album: Dining On Backs of the Brave. Genre: Instrumental,Instrumental,"[0.0, 0.0, 0.0, 1.0, 0.0, 0.0, 0.0, 0.0, 0.0, 0.0, 0.0, 0.0, 1.0, 0.0, 0.0, 0.0, 0.0, 0.0, 0.0, 0.0]"
82919,training,Title: Corporate Conga Line. Artist: krackatoa. Album: Dining On Backs of the Brave. Genre: Instrumental,Instrumental,"[0.0, 0.0, 0.0, 1.0, 0.0, 0.0, 0.0, 0.0, 0.0, 0.0, 0.0, 0.0, 1.0, 0.0, 0.0, 0.0, 0.0, 0.0, 0.0, 0.0]"
82920,training,Title: Opus Delorean. Artist: krackatoa. Album: Dining On Backs of the Brave. Genre: Instrumental,Instrumental,"[0.0, 0.0, 0.0, 1.0, 0.0, 0.0, 0.0, 0.0, 0.0, 0.0, 0.0, 0.0, 1.0, 0.0, 0.0, 0.0, 0.0, 0.0, 0.0, 0.0]"
82921,training,Title: Crawling Down Walls. Artist: krackatoa. Album: Dining On Backs of the Brave. Genre: Instrumental,Instrumental,"[0.0, 0.0, 0.0, 1.0, 0.0, 0.0, 0.0, 0.0, 0.0, 0.0, 0.0, 0.0, 1.0, 0.0, 0.0, 0.0, 0.0, 0.0, 0.0, 0.0]"
82928,training,Title: Diwali Charlie. Artist: krackatoa. Album: Dining On Backs of the Brave. Genre: Instrumental,Instrumental,"[0.0, 0.0, 0.0, 1.0, 0.0, 0.0, 0.0, 0.0, 0.0, 0.0, 0.0, 0.0, 1.0, 0.0, 0.0, 0.0, 0.0, 0.0, 0.0, 0.0]"
82929,training,Title: Horizon Mine. Artist: krackatoa. Album: Dining On Backs of the Brave. Genre: Instrumental,Instrumental,"[0.0, 0.0, 0.0, 1.0, 0.0, 0.0, 0.0, 0.0, 0.0, 0.0, 0.0, 0.0, 1.0, 0.0, 0.0, 0.0, 0.0, 0.0, 0.0, 0.0]"
82930,training,Title: Opotiki Over and Out. Artist: krackatoa. Album: Dining On Backs of the Brave. Genre: Instrumental,Instrumental,"[0.0, 0.0, 0.0, 1.0, 0.0, 0.0, 0.0, 0.0, 0.0, 0.0, 0.0, 0.0, 1.0, 0.0, 0.0, 0.0, 0.0, 0.0, 0.0, 0.0]"
82931,training,Title: Hefty Leftie Drop Attack. Artist: krackatoa. Album: Dining On Backs of the Brave. Genre: Instrumental,Instrumental,"[0.0, 0.0, 0.0, 1.0, 0.0, 0.0, 0.0, 0.0, 0.0, 0.0, 0.0, 0.0, 1.0, 0.0, 0.0, 0.0, 0.0, 0.0, 0.0, 0.0]"
82932,training,Title: Blank DNA of Reverence. Artist: krackatoa. Album: Dining On Backs of the Brave. Genre: Instrumental,Instrumental,"[0.0, 0.0, 0.0, 1.0, 0.0, 0.0, 0.0, 0.0, 0.0, 0.0, 0.0, 0.0, 1.0, 0.0, 0.0, 0.0, 0.0, 0.0, 0.0, 0.0]"
84605,training,Title: Me and My Friends. Artist: EARTH-ENEMY. Album: De-Memorization Techniques. Genre: Pop,Pop,"[0.0, 1.0, 0.0, 0.0, 0.0, 0.0, 0.0, 0.0, 0.0, 0.0, 0.0, 0.0, 0.0, 0.0, 0.0, 0.0, 0.0, 0.0, 0.0, 0.0]"
84743,training,Title: This Body. Artist: Whore Paint. Album: AS220's Spring Sampler 2013. Genre: Rock,Rock,"[0.0, 0.0, 0.0, 0.0, 0.0, 0.0, 0.0, 0.0, 0.0, 0.0, 0.0, 0.0, 0.0, 0.0, 0.0, 0.0, 0.0, 0.0, 0.0, 1.0]"
84757,training,"Title: Hawaii. Artist: No Joy. Album: Live on WFMU with Scott Williams - May 20, 2013. Genre: Rock",Rock,"[0.0, 0.0, 1.0, 0.0, 0.0, 0.0, 0.0, 0.0, 0.0, 0.0, 0.0, 0.0, 0.0, 0.0, 0.0, 0.0, 0.0, 0.0, 0.0, 0.0]"
84768,training,Title: CCMFC. Artist: What Cheer? Brigade. Album: AS220's Spring Sampler 2013. Genre: Instrumental,Instrumental,"[0.0, 0.0, 0.0, 0.0, 0.0, 0.0, 0.0, 0.0, 0.0, 0.0, 0.0, 0.0, 0.0, 0.0, 0.0, 0.0, 0.0, 0.0, 0.0, 1.0]"
85822,training,Title: Nocturnia. Artist: Psychadelik Pedestrian. Album: Nocturnia. Genre: Electronic,Electronic,"[0.0, 0.0, 0.0, 0.0, 0.0, 0.0, 0.0, 0.0, 0.0, 0.0, 0.0, 0.0, 1.0, 0.0, 0.0, 0.0, 0.0, 0.0, 0.0, 0.0]"
85823,training,Title: Fifth World. Artist: Psychadelik Pedestrian. Album: Nocturnia. Genre: Electronic,Electronic,"[0.0, 0.0, 0.0, 0.0, 0.0, 0.0, 0.0, 0.0, 0.0, 0.0, 0.0, 0.0, 1.0, 0.0, 0.0, 0.0, 0.0, 0.0, 0.0, 0.0]"
85828,training,Title: Cosmos (universal mix). Artist: Psychadelik Pedestrian. Album: Nocturnia. Genre: Electronic,Electronic,"[0.0, 0.0, 0.0, 0.0, 0.0, 0.0, 0.0, 0.0, 0.0, 0.0, 0.0, 0.0, 1.0, 0.0, 0.0, 0.0, 0.0, 0.0, 0.0, 0.0]"
86481,training,Title: Moments Of Life. Artist: Andrea Carri. Album: Frammenti. Genre: Instrumental,Instrumental,"[0.0, 0.0, 0.0, 0.0, 0.0, 0.0, 1.0, 0.0, 0.0, 0.0, 0.0, 0.0, 0.0, 0.0, 0.0, 0.0, 0.0, 0.0, 0.0, 0.0]"
86482,training,Title: Strade. Artist: Andrea Carri. Album: Frammenti. Genre: Instrumental,Instrumental,"[0.0, 0.0, 0.0, 0.0, 0.0, 0.0, 1.0, 0.0, 0.0, 0.0, 0.0, 0.0, 0.0, 0.0, 0.0, 0.0, 0.0, 0.0, 0.0, 0.0]"
86483,training,Title: Canzone Della Speranza Sahrawi. Artist: Andrea Carri. Album: Frammenti. Genre: Instrumental,Instrumental,"[0.0, 0.0, 0.0, 0.0, 0.0, 0.0, 1.0, 0.0, 0.0, 0.0, 0.0, 0.0, 0.0, 0.0, 0.0, 0.0, 0.0, 0.0, 0.0, 0.0]"
86484,training,Title: Giochi di luce. Artist: Andrea Carri. Album: Frammenti. Genre: Instrumental,Instrumental,"[0.0, 0.0, 0.0, 0.0, 0.0, 0.0, 1.0, 0.0, 0.0, 0.0, 0.0, 0.0, 0.0, 0.0, 0.0, 0.0, 0.0, 0.0, 0.0, 0.0]"
86485,training,Title: Cuori Nel Vento. Artist: Andrea Carri. Album: Frammenti. Genre: Instrumental,Instrumental,"[0.0, 0.0, 0.0, 0.0, 0.0, 0.0, 1.0, 0.0, 0.0, 0.0, 0.0, 0.0, 0.0, 0.0, 0.0, 0.0, 0.0, 0.0, 0.0, 0.0]"
86486,training,Title: Frammenti. Artist: Andrea Carri. Album: Frammenti. Genre: Instrumental,Instrumental,"[0.0, 0.0, 0.0, 0.0, 0.0, 0.0, 1.0, 0.0, 0.0, 0.0, 0.0, 0.0, 0.0, 0.0, 0.0, 0.0, 0.0, 0.0, 0.0, 0.0]"
86487,training,Title: Sunshine After Rain. Artist: Andrea Carri. Album: Frammenti. Genre: Instrumental,Instrumental,"[0.0, 0.0, 0.0, 0.0, 0.0, 0.0, 1.0, 0.0, 0.0, 0.0, 0.0, 0.0, 0.0, 0.0, 0.0, 0.0, 0.0, 0.0, 0.0, 0.0]"
87157,training,Title: Back (In Time) To (Save) The Future. Artist: Dr. Wylie. Album: The Trillmont Playbook. Genre: Electronic,Electronic,"[0.0, 1.0, 0.0, 1.0, 0.0, 0.0, 0.0, 0.0, 0.0, 0.0, 0.0, 0.0, 0.0, 0.0, 0.0, 0.0, 0.0, 0.0, 0.0, 0.0]"
87158,training,"Title: It's Ok, We Have Chemistry. Artist: Dr. Wylie. Album: The Trillmont Playbook. Genre: Electronic",Electronic,"[0.0, 1.0, 0.0, 1.0, 0.0, 0.0, 0.0, 0.0, 0.0, 0.0, 0.0, 0.0, 0.0, 0.0, 0.0, 0.0, 0.0, 0.0, 0.0, 0.0]"
87159,training,Title: Keep In Style. Artist: Dr. Wylie. Album: The Trillmont Playbook. Genre: Electronic,Electronic,"[0.0, 1.0, 0.0, 1.0, 0.0, 0.0, 0.0, 0.0, 0.0, 0.0, 0.0, 0.0, 0.0, 0.0, 0.0, 0.0, 0.0, 0.0, 0.0, 0.0]"
87160,training,Title: Extracurricular Twerk. Artist: Dr. Wylie. Album: The Trillmont Playbook. Genre: Electronic,Electronic,"[0.0, 1.0, 0.0, 1.0, 0.0, 0.0, 0.0, 0.0, 0.0, 0.0, 0.0, 0.0, 0.0, 0.0, 0.0, 0.0, 0.0, 0.0, 0.0, 0.0]"
87161,training,Title: Perception. Artist: Dr. Wylie. Album: The Trillmont Playbook. Genre: Electronic,Electronic,"[0.0, 1.0, 0.0, 1.0, 0.0, 0.0, 0.0, 0.0, 0.0, 0.0, 0.0, 0.0, 0.0, 0.0, 0.0, 0.0, 0.0, 0.0, 0.0, 0.0]"
87185,training,Title: All Those I Know. Artist: Eric & Magill. Album: All Those I Know. Genre: Pop,Pop,"[0.0, 0.0, 0.0, 0.0, 0.0, 0.0, 0.0, 0.0, 0.0, 0.0, 0.0, 0.0, 0.0, 0.0, 0.0, 1.0, 0.0, 0.0, 0.0, 0.0]"
87186,training,Title: You Make It So Good. Artist: Eric & Magill. Album: All Those I Know. Genre: Pop,Pop,"[0.0, 0.0, 0.0, 0.0, 0.0, 0.0, 0.0, 0.0, 0.0, 0.0, 0.0, 0.0, 0.0, 0.0, 0.0, 1.0, 0.0, 0.0, 0.0, 0.0]"
87187,training,Title: Should We All Wake Up. Artist: Eric & Magill. Album: All Those I Know. Genre: Pop,Pop,"[0.0, 0.0, 0.0, 0.0, 0.0, 0.0, 0.0, 0.0, 0.0, 0.0, 0.0, 0.0, 0.0, 0.0, 0.0, 1.0, 0.0, 0.0, 0.0, 0.0]"
87188,training,Title: Grandpa's Pink Wine. Artist: Eric & Magill. Album: All Those I Know. Genre: Pop,Pop,"[0.0, 0.0, 0.0, 0.0, 0.0, 0.0, 0.0, 0.0, 0.0, 0.0, 0.0, 0.0, 0.0, 0.0, 0.0, 1.0, 0.0, 0.0, 0.0, 0.0]"
87189,training,Title: Vegetable Gardeners. Artist: Eric & Magill. Album: All Those I Know. Genre: Pop,Pop,"[0.0, 0.0, 0.0, 0.0, 0.0, 0.0, 0.0, 0.0, 0.0, 0.0, 0.0, 0.0, 0.0, 0.0, 0.0, 1.0, 0.0, 0.0, 0.0, 0.0]"
87190,training,Title: I Hear Trumpets. Artist: Eric & Magill. Album: All Those I Know. Genre: Pop,Pop,"[0.0, 0.0, 0.0, 0.0, 0.0, 0.0, 0.0, 0.0, 0.0, 0.0, 0.0, 0.0, 0.0, 0.0, 0.0, 1.0, 0.0, 0.0, 0.0, 0.0]"
87191,training,Title: Pontoon Boats. Artist: Eric & Magill. Album: All Those I Know. Genre: Pop,Pop,"[0.0, 0.0, 0.0, 0.0, 0.0, 0.0, 0.0, 0.0, 0.0, 0.0, 0.0, 0.0, 0.0, 0.0, 0.0, 1.0, 0.0, 0.0, 0.0, 0.0]"
87192,training,"Title: Gentle, Polite. Artist: Eric & Magill. Album: All Those I Know. Genre: Pop",Pop,"[0.0, 0.0, 0.0, 0.0, 0.0, 0.0, 0.0, 0.0, 0.0, 0.0, 0.0, 0.0, 0.0, 0.0, 0.0, 1.0, 0.0, 0.0, 0.0, 0.0]"
87193,training,Title: Old Man Winter. Artist: Eric & Magill. Album: All Those I Know. Genre: Pop,Pop,"[0.0, 0.0, 0.0, 0.0, 0.0, 0.0, 0.0, 0.0, 0.0, 0.0, 0.0, 0.0, 0.0, 0.0, 0.0, 1.0, 0.0, 0.0, 0.0, 0.0]"
87194,training,Title: Birthdays Are Important. Artist: Eric & Magill. Album: All Those I Know. Genre: Pop,Pop,"[0.0, 0.0, 0.0, 0.0, 0.0, 0.0, 0.0, 0.0, 0.0, 0.0, 0.0, 0.0, 0.0, 0.0, 0.0, 1.0, 0.0, 0.0, 0.0, 0.0]"
90027,training,Title: The Breath. Artist: Geometrie Variabili. Album: the Breath. Genre: Experimental,Experimental,"[1.0, 0.0, 0.0, 0.0, 0.0, 0.0, 0.0, 0.0, 0.0, 0.0, 0.0, 0.0, 0.0, 0.0, 0.0, 0.0, 0.0, 0.0, 0.0, 0.0]"
92466,training,Title: This Modem Life. Artist: Decktonic. Album: Youth Worship. Genre: Electronic,Electronic,"[0.0, 0.0, 0.0, 0.0, 0.0, 0.0, 0.0, 0.0, 0.0, 0.0, 0.0, 0.0, 0.0, 1.0, 0.0, 0.0, 1.0, 0.0, 0.0, 0.0]"
93915,training,Title: Downtown Serenade. Artist: Jahzzar. Album: Viikinsaari. Genre: Instrumental,Instrumental,"[0.0, 0.0, 0.0, 0.0, 0.0, 0.0, 1.0, 0.0, 0.0, 0.0, 0.0, 0.0, 0.0, 0.0, 0.0, 0.0, 0.0, 0.0, 0.0, 0.0]"
93917,training,Title: Flood. Artist: Jahzzar. Album: Viikinsaari. Genre: Instrumental,Instrumental,"[0.0, 0.0, 0.0, 0.0, 0.0, 0.0, 1.0, 0.0, 0.0, 0.0, 0.0, 0.0, 0.0, 0.0, 0.0, 0.0, 0.0, 0.0, 0.0, 0.0]"
93918,training,Title: Keep Calm. Artist: Jahzzar. Album: Viikinsaari. Genre: Instrumental,Instrumental,"[0.0, 0.0, 0.0, 0.0, 0.0, 0.0, 1.0, 0.0, 0.0, 0.0, 0.0, 0.0, 0.0, 0.0, 0.0, 0.0, 0.0, 0.0, 0.0, 0.0]"
93919,training,Title: Runaway. Artist: Jahzzar. Album: Viikinsaari. Genre: Instrumental,Instrumental,"[0.0, 0.0, 0.0, 0.0, 0.0, 0.0, 1.0, 0.0, 0.0, 0.0, 0.0, 0.0, 0.0, 0.0, 0.0, 0.0, 0.0, 0.0, 0.0, 0.0]"
93920,training,Title: The Lake. Artist: Jahzzar. Album: Viikinsaari. Genre: Instrumental,Instrumental,"[0.0, 0.0, 0.0, 0.0, 0.0, 0.0, 1.0, 0.0, 0.0, 0.0, 0.0, 0.0, 0.0, 0.0, 0.0, 0.0, 0.0, 0.0, 0.0, 0.0]"
93921,training,Title: Wet Socks. Artist: Jahzzar. Album: Viikinsaari. Genre: Instrumental,Instrumental,"[0.0, 0.0, 0.0, 0.0, 0.0, 0.0, 1.0, 0.0, 0.0, 0.0, 0.0, 0.0, 0.0, 0.0, 0.0, 0.0, 0.0, 0.0, 0.0, 0.0]"
93942,training,Title: Weekends Away. Artist: Ready for Men. Album: Two Young Boys. Genre: Pop,Pop,"[0.0, 1.0, 0.0, 0.0, 0.0, 0.0, 0.0, 0.0, 0.0, 0.0, 0.0, 0.0, 0.0, 0.0, 0.0, 0.0, 0.0, 0.0, 0.0, 0.0]"
93943,training,Title: One Way Love. Artist: Ready for Men. Album: Two Young Boys. Genre: Pop,Pop,"[0.0, 1.0, 0.0, 0.0, 0.0, 0.0, 0.0, 0.0, 0.0, 0.0, 0.0, 0.0, 0.0, 0.0, 0.0, 0.0, 0.0, 0.0, 0.0, 0.0]"
93944,training,Title: Waiting Until Then. Artist: Ready for Men. Album: Two Young Boys. Genre: Pop,Pop,"[0.0, 1.0, 0.0, 0.0, 0.0, 0.0, 0.0, 0.0, 0.0, 0.0, 0.0, 0.0, 0.0, 0.0, 0.0, 0.0, 0.0, 0.0, 0.0, 0.0]"
95722,training,"Title: Adventure, Darling. Artist: Gillicuddy. Album: ...Plays Guitar Again. Genre: Instrumental",Instrumental,"[0.0, 0.0, 0.0, 1.0, 0.0, 0.0, 0.0, 0.0, 0.0, 0.0, 0.0, 0.0, 0.0, 0.0, 0.0, 0.0, 0.0, 0.0, 0.0, 0.0]"
95724,training,Title: Instrumental #2 Revisited. Artist: Gillicuddy. Album: ...Plays Guitar Again. Genre: Instrumental,Instrumental,"[0.0, 0.0, 0.0, 1.0, 0.0, 0.0, 0.0, 0.0, 0.0, 0.0, 0.0, 0.0, 0.0, 0.0, 0.0, 0.0, 0.0, 0.0, 0.0, 0.0]"
95725,training,Title: Multitudes. Artist: Gillicuddy. Album: ...Plays Guitar Again. Genre: Instrumental,Instrumental,"[0.0, 0.0, 0.0, 1.0, 0.0, 0.0, 0.0, 0.0, 0.0, 0.0, 0.0, 0.0, 0.0, 0.0, 0.0, 0.0, 0.0, 0.0, 0.0, 0.0]"
95726,training,Title: Ferns And Cork. Artist: Gillicuddy. Album: ...Plays Guitar Again. Genre: Instrumental,Instrumental,"[0.0, 0.0, 0.0, 1.0, 0.0, 0.0, 0.0, 0.0, 0.0, 0.0, 0.0, 0.0, 0.0, 0.0, 0.0, 0.0, 0.0, 0.0, 0.0, 0.0]"
95727,training,Title: Porthglaze Cove. Artist: Gillicuddy. Album: ...Plays Guitar Again. Genre: Instrumental,Instrumental,"[0.0, 0.0, 0.0, 1.0, 0.0, 0.0, 0.0, 0.0, 0.0, 0.0, 0.0, 0.0, 0.0, 0.0, 0.0, 0.0, 0.0, 0.0, 0.0, 0.0]"
97373,training,Title: Extra Chromosome Mozart. Artist: Cullah. Album: Adolessonce. Genre: Experimental,Experimental,"[1.0, 0.0, 0.0, 0.0, 0.0, 0.0, 0.0, 0.0, 0.0, 0.0, 0.0, 0.0, 0.0, 0.0, 0.0, 0.0, 0.0, 0.0, 0.0, 0.0]"
97374,training,Title: Pacific Jazz. Artist: Cullah. Album: Adolessonce. Genre: Experimental,Experimental,"[1.0, 0.0, 0.0, 0.0, 0.0, 0.0, 0.0, 0.0, 0.0, 0.0, 0.0, 0.0, 0.0, 0.0, 0.0, 0.0, 0.0, 0.0, 0.0, 0.0]"
97547,training,Title: Soy La Pocha. Artist: Malportado Kids. Album: The Mi Concha EP. Genre: Electronic,Electronic,"[0.0, 0.0, 0.0, 0.0, 0.0, 0.0, 0.0, 0.0, 0.0, 0.0, 0.0, 0.0, 0.0, 1.0, 0.0, 0.0, 0.0, 0.0, 0.0, 0.0]"
97548,training,Title: Fuego. Artist: Malportado Kids. Album: The Mi Concha EP. Genre: Electronic,Electronic,"[0.0, 0.0, 0.0, 0.0, 0.0, 0.0, 0.0, 0.0, 0.0, 0.0, 0.0, 0.0, 0.0, 1.0, 0.0, 0.0, 0.0, 0.0, 0.0, 0.0]"
99703,training,Title: HEAVEN. Artist: eden. Album: [EPV_152] HEAVEN. Genre: Electronic,Electronic,"[0.0, 0.0, 0.0, 0.0, 0.0, 0.0, 0.0, 0.0, 0.0, 0.0, 0.0, 0.0, 0.0, 1.0, 0.0, 0.0, 0.0, 0.0, 0.0, 0.0]"
99704,training,Title: HEAVEN_VERSION. Artist: eden. Album: [EPV_152] HEAVEN. Genre: Electronic,Electronic,"[0.0, 0.0, 0.0, 0.0, 0.0, 0.0, 0.0, 0.0, 0.0, 0.0, 0.0, 0.0, 0.0, 1.0, 0.0, 0.0, 0.0, 0.0, 0.0, 0.0]"
99707,training,Title: NO HEAVEN. Artist: eden. Album: [EPV_152] HEAVEN. Genre: Electronic,Electronic,"[0.0, 0.0, 0.0, 0.0, 0.0, 0.0, 0.0, 0.0, 0.0, 0.0, 0.0, 0.0, 0.0, 1.0, 0.0, 0.0, 0.0, 0.0, 0.0, 0.0]"
107908,training,"Title: Spirtus.... Artist: Project 5am (Feat. DJ Whodini). Album: 5am, Wabi Sabi. Genre: Electronic",Electronic,"[0.0, 0.0, 0.0, 0.0, 0.0, 0.0, 1.0, 0.0, 0.0, 0.0, 0.0, 0.0, 0.0, 0.0, 0.0, 0.0, 0.0, 0.0, 0.0, 0.0]"
108878,training,Title: This is based upon a true story. Artist: Plusplus. Album: Psycho. Genre: Instrumental,Instrumental,"[0.0, 0.0, 0.0, 1.0, 0.0, 0.0, 0.0, 0.0, 0.0, 0.0, 0.0, 0.0, 0.0, 0.0, 0.0, 1.0, 0.0, 0.0, 0.0, 0.0]"
108879,training,Title: Jail. Artist: Plusplus. Album: Psycho. Genre: Instrumental,Instrumental,"[0.0, 0.0, 0.0, 1.0, 0.0, 0.0, 0.0, 0.0, 0.0, 0.0, 0.0, 0.0, 0.0, 0.0, 0.0, 1.0, 0.0, 0.0, 0.0, 0.0]"
108880,training,Title: Piano song. Artist: Plusplus. Album: Psycho. Genre: Instrumental,Instrumental,"[0.0, 0.0, 0.0, 1.0, 0.0, 0.0, 0.0, 0.0, 0.0, 0.0, 0.0, 0.0, 0.0, 0.0, 0.0, 1.0, 0.0, 0.0, 0.0, 0.0]"
108881,training,Title: Dieter Rams. Artist: Plusplus. Album: Psycho. Genre: Instrumental,Instrumental,"[0.0, 0.0, 0.0, 1.0, 0.0, 0.0, 0.0, 0.0, 0.0, 0.0, 0.0, 0.0, 0.0, 0.0, 0.0, 1.0, 0.0, 0.0, 0.0, 0.0]"
108882,training,Title: Psycho. Artist: Plusplus. Album: Psycho. Genre: Instrumental,Instrumental,"[0.0, 0.0, 0.0, 1.0, 0.0, 0.0, 0.0, 0.0, 0.0, 0.0, 0.0, 0.0, 0.0, 0.0, 0.0, 1.0, 0.0, 0.0, 0.0, 0.0]"
108883,training,Title: Gentle Man. Artist: Plusplus. Album: Psycho. Genre: Instrumental,Instrumental,"[0.0, 0.0, 0.0, 1.0, 0.0, 0.0, 0.0, 0.0, 0.0, 0.0, 0.0, 0.0, 0.0, 0.0, 0.0, 1.0, 0.0, 0.0, 0.0, 0.0]"
108884,training,Title: Plantopia. Artist: Plusplus. Album: Psycho. Genre: Instrumental,Instrumental,"[0.0, 0.0, 0.0, 1.0, 0.0, 0.0, 0.0, 0.0, 0.0, 0.0, 0.0, 0.0, 0.0, 0.0, 0.0, 1.0, 0.0, 0.0, 0.0, 0.0]"
108885,training,Title: The Rolling Hills of England. Artist: Plusplus. Album: Psycho. Genre: Instrumental,Instrumental,"[0.0, 0.0, 0.0, 1.0, 0.0, 0.0, 0.0, 0.0, 0.0, 0.0, 0.0, 0.0, 0.0, 0.0, 0.0, 1.0, 0.0, 0.0, 0.0, 0.0]"
108906,training,Title: Did you know? (Curiouser and curiouser). Artist: Fabian Measures. Album: Singles Album. Genre: Instrumental,Instrumental,"[0.0, 0.0, 0.0, 1.0, 0.0, 0.0, 0.0, 0.0, 0.0, 0.0, 0.0, 0.0, 0.0, 0.0, 0.0, 0.0, 0.0, 0.0, 0.0, 0.0]"
110259,training,Title: In Tune (J. Glaze Remix). Artist: Kellee Maize & J. Glaze Productions. Album: The Remixes. Genre: Hip-Hop,Hip-Hop,"[0.0, 1.0, 0.0, 0.0, 0.0, 0.0, 0.0, 0.0, 0.0, 0.0, 0.0, 0.0, 0.0, 0.0, 0.0, 0.0, 0.0, 0.0, 0.0, 0.0]"
110260,training,Title: I Insist (J. Glaze Remix). Artist: Kellee Maize & J. Glaze Productions. Album: The Remixes. Genre: Hip-Hop,Hip-Hop,"[0.0, 1.0, 0.0, 0.0, 0.0, 0.0, 0.0, 0.0, 0.0, 0.0, 0.0, 0.0, 0.0, 0.0, 0.0, 0.0, 0.0, 0.0, 0.0, 0.0]"
110261,training,Title: Mad Humans (J. Glaze Remix). Artist: Kellee Maize & J. Glaze Productions. Album: The Remixes. Genre: Hip-Hop,Hip-Hop,"[0.0, 1.0, 0.0, 0.0, 0.0, 0.0, 0.0, 0.0, 0.0, 0.0, 0.0, 0.0, 0.0, 0.0, 0.0, 0.0, 0.0, 0.0, 0.0, 0.0]"
110262,training,Title: Big Plans (J. Glaze Remix). Artist: Kellee Maize & J. Glaze Productions. Album: The Remixes. Genre: Hip-Hop,Hip-Hop,"[0.0, 1.0, 0.0, 0.0, 0.0, 0.0, 0.0, 0.0, 0.0, 0.0, 0.0, 0.0, 0.0, 0.0, 0.0, 0.0, 0.0, 0.0, 0.0, 0.0]"
110263,training,Title: Owl Time (J. Glaze and Udachi Remix). Artist: Kellee Maize & J. Glaze & Udachi. Album: The Remixes. Genre: Hip-Hop,Hip-Hop,"[0.0, 1.0, 0.0, 0.0, 0.0, 0.0, 0.0, 0.0, 0.0, 0.0, 0.0, 0.0, 0.0, 0.0, 0.0, 0.0, 0.0, 0.0, 0.0, 0.0]"
110264,training,Title: Catch Me (J. Glaze Remix). Artist: Kellee Maize & J. Glaze Productions. Album: The Remixes. Genre: Hip-Hop,Hip-Hop,"[0.0, 1.0, 0.0, 0.0, 0.0, 0.0, 0.0, 0.0, 0.0, 0.0, 0.0, 0.0, 0.0, 0.0, 0.0, 0.0, 0.0, 0.0, 0.0, 0.0]"
110265,training,Title: Fact Is Remix (J. Glaze and Udachi Remix). Artist: Kellee Maize & J. Glaze & Udachi. Album: The Remixes. Genre: Hip-Hop,Hip-Hop,"[0.0, 1.0, 0.0, 0.0, 0.0, 0.0, 0.0, 0.0, 0.0, 0.0, 0.0, 0.0, 0.0, 0.0, 0.0, 0.0, 0.0, 0.0, 0.0, 0.0]"
110266,training,Title: Hasta Abajo Remix (J. Glaze and Mike Cash Remix). Artist: Kellee Maize & J. Glaze & Mike Cash. Album: The Remixes. Genre: Hip-Hop,Hip-Hop,"[0.0, 1.0, 0.0, 0.0, 0.0, 0.0, 0.0, 0.0, 0.0, 0.0, 0.0, 0.0, 0.0, 0.0, 0.0, 0.0, 0.0, 0.0, 0.0, 0.0]"
110267,training,Title: In The Night - Game of Thrones Remake (J. Glaze Remix). Artist: Kellee Maize & J. Glaze Productions. Album: The Remixes. Genre: Hip-Hop,Hip-Hop,"[0.0, 1.0, 0.0, 0.0, 0.0, 0.0, 0.0, 0.0, 0.0, 0.0, 0.0, 0.0, 0.0, 0.0, 0.0, 0.0, 0.0, 0.0, 0.0, 0.0]"
111819,training,"Title: Ad Astra. Artist: P C III. Album: Ad Astra, Vol. 1. Genre: Electronic",Electronic,"[0.0, 0.0, 0.0, 0.0, 0.0, 0.0, 1.0, 0.0, 0.0, 0.0, 0.0, 0.0, 0.0, 0.0, 0.0, 0.0, 0.0, 0.0, 0.0, 0.0]"
111933,training,Title: P25. Artist: EG111111. Album: Full Turn. Genre: Electronic,Electronic,"[0.0, 1.0, 0.0, 0.0, 1.0, 0.0, 0.0, 0.0, 0.0, 0.0, 0.0, 0.0, 0.0, 0.0, 0.0, 0.0, 0.0, 0.0, 0.0, 0.0]"
113969,training,Title: An Unearthly Child. Artist: Fearless Super Pictures. Album: An Unearthly Child. Genre: Instrumental,Instrumental,"[1.0, 0.0, 1.0, 0.0, 0.0, 0.0, 0.0, 0.0, 0.0, 0.0, 0.0, 0.0, 0.0, 0.0, 0.0, 0.0, 0.0, 0.0, 0.0, 0.0]"
114265,training,Title: Ruggles (ft epsilon not). Artist: Uncle Milk. Album: Route 9. Genre: Hip-Hop,Hip-Hop,"[1.0, 1.0, 0.0, 0.0, 0.0, 0.0, 0.0, 0.0, 0.0, 0.0, 0.0, 0.0, 0.0, 0.0, 0.0, 0.0, 0.0, 0.0, 0.0, 0.0]"
114266,training,Title: On two hours sleep. Artist: Uncle Milk. Album: Route 9. Genre: Hip-Hop,Hip-Hop,"[1.0, 1.0, 0.0, 0.0, 0.0, 0.0, 0.0, 0.0, 0.0, 0.0, 0.0, 0.0, 0.0, 0.0, 0.0, 0.0, 0.0, 0.0, 0.0, 0.0]"
114268,training,Title: poison ivy yard work. Artist: Uncle Milk. Album: Route 9. Genre: Hip-Hop,Hip-Hop,"[1.0, 1.0, 0.0, 0.0, 0.0, 0.0, 0.0, 0.0, 0.0, 0.0, 0.0, 0.0, 0.0, 0.0, 0.0, 0.0, 0.0, 0.0, 0.0, 0.0]"
114272,training,Title: Travelor _.sinh remix. Artist: Uncle Milk. Album: Route 9. Genre: Hip-Hop,Hip-Hop,"[1.0, 1.0, 0.0, 0.0, 0.0, 0.0, 0.0, 0.0, 0.0, 0.0, 0.0, 0.0, 0.0, 0.0, 0.0, 0.0, 0.0, 0.0, 0.0, 0.0]"
114274,training,Title: Kalaarmari. Artist: Uncle Milk. Album: Route 9. Genre: Hip-Hop,Hip-Hop,"[1.0, 1.0, 0.0, 0.0, 0.0, 0.0, 0.0, 0.0, 0.0, 0.0, 0.0, 0.0, 0.0, 0.0, 0.0, 0.0, 0.0, 0.0, 0.0, 0.0]"
114275,training,Title: eat it with a fork. Artist: Uncle Milk. Album: Route 9. Genre: Hip-Hop,Hip-Hop,"[1.0, 1.0, 0.0, 0.0, 0.0, 0.0, 0.0, 0.0, 0.0, 0.0, 0.0, 0.0, 0.0, 0.0, 0.0, 0.0, 0.0, 0.0, 0.0, 0.0]"
114371,training,Title: Wind. Artist: Madoka. Album: Take a Walk. Genre: Instrumental,Instrumental,"[0.0, 0.0, 0.0, 0.0, 0.0, 0.0, 1.0, 0.0, 0.0, 0.0, 0.0, 0.0, 0.0, 0.0, 0.0, 1.0, 0.0, 0.0, 0.0, 0.0]"
114372,training,Title: Humming. Artist: Madoka. Album: Take a Walk. Genre: Instrumental,Instrumental,"[0.0, 0.0, 0.0, 0.0, 0.0, 0.0, 1.0, 0.0, 0.0, 0.0, 0.0, 0.0, 0.0, 0.0, 0.0, 1.0, 0.0, 0.0, 0.0, 0.0]"
114373,training,Title: Explore. Artist: Madoka. Album: Take a Walk. Genre: Instrumental,Instrumental,"[0.0, 0.0, 0.0, 0.0, 0.0, 0.0, 1.0, 0.0, 0.0, 0.0, 0.0, 0.0, 0.0, 0.0, 0.0, 1.0, 0.0, 0.0, 0.0, 0.0]"
114374,training,Title: Thinking. Artist: Madoka. Album: Take a Walk. Genre: Instrumental,Instrumental,"[0.0, 0.0, 0.0, 0.0, 0.0, 0.0, 1.0, 0.0, 0.0, 0.0, 0.0, 0.0, 0.0, 0.0, 0.0, 1.0, 0.0, 0.0, 0.0, 0.0]"
114375,training,Title: Calmness. Artist: Madoka. Album: Take a Walk. Genre: Instrumental,Instrumental,"[0.0, 0.0, 0.0, 0.0, 0.0, 0.0, 1.0, 0.0, 0.0, 0.0, 0.0, 0.0, 0.0, 0.0, 0.0, 1.0, 0.0, 0.0, 0.0, 0.0]"
114395,training,Title: Reflections Across The Sky. Artist: Scott Holmes. Album: Colossal Stillness (2014). Genre: Rock,Rock,"[0.0, 0.0, 0.0, 0.0, 0.0, 0.0, 0.0, 0.0, 0.0, 0.0, 0.0, 0.0, 0.0, 0.0, 0.0, 0.0, 0.0, 0.0, 1.0, 0.0]"
114396,training,Title: Breathe New Life. Artist: Scott Holmes. Album: Colossal Stillness (2014). Genre: Rock,Rock,"[0.0, 0.0, 0.0, 0.0, 0.0, 0.0, 0.0, 0.0, 0.0, 0.0, 0.0, 0.0, 0.0, 0.0, 0.0, 0.0, 0.0, 0.0, 1.0, 0.0]"
114397,training,Title: Chasing Shadows. Artist: Scott Holmes. Album: Colossal Stillness (2014). Genre: Rock,Rock,"[0.0, 0.0, 0.0, 0.0, 0.0, 0.0, 0.0, 0.0, 0.0, 0.0, 0.0, 0.0, 0.0, 0.0, 0.0, 0.0, 0.0, 0.0, 1.0, 0.0]"
114398,training,Title: Uninvited. Artist: Scott Holmes. Album: Colossal Stillness (2014). Genre: Rock,Rock,"[0.0, 0.0, 0.0, 0.0, 0.0, 0.0, 0.0, 0.0, 0.0, 0.0, 0.0, 0.0, 0.0, 0.0, 0.0, 0.0, 0.0, 0.0, 1.0, 0.0]"
114399,training,Title: Origin l. Artist: Scott Holmes. Album: Colossal Stillness (2014). Genre: Rock,Rock,"[0.0, 0.0, 0.0, 0.0, 0.0, 0.0, 0.0, 0.0, 0.0, 0.0, 0.0, 0.0, 0.0, 0.0, 0.0, 0.0, 0.0, 0.0, 1.0, 0.0]"
114400,training,Title: Origin ll. Artist: Scott Holmes. Album: Colossal Stillness (2014). Genre: Rock,Rock,"[0.0, 0.0, 0.0, 0.0, 0.0, 0.0, 0.0, 0.0, 0.0, 0.0, 0.0, 0.0, 0.0, 0.0, 0.0, 0.0, 0.0, 0.0, 1.0, 0.0]"
114401,training,Title: Wash Away. Artist: Scott Holmes. Album: Colossal Stillness (2014). Genre: Rock,Rock,"[0.0, 0.0, 0.0, 0.0, 0.0, 0.0, 0.0, 0.0, 0.0, 0.0, 0.0, 0.0, 0.0, 0.0, 0.0, 0.0, 0.0, 0.0, 1.0, 0.0]"
114402,training,Title: Remember The Archer. Artist: Scott Holmes. Album: Colossal Stillness (2014). Genre: Rock,Rock,"[0.0, 0.0, 0.0, 0.0, 0.0, 0.0, 0.0, 0.0, 0.0, 0.0, 0.0, 0.0, 0.0, 0.0, 0.0, 0.0, 0.0, 0.0, 1.0, 0.0]"
114403,training,Title: Close To The Distance. Artist: Scott Holmes. Album: Colossal Stillness (2014). Genre: Rock,Rock,"[0.0, 0.0, 0.0, 0.0, 0.0, 0.0, 0.0, 0.0, 0.0, 0.0, 0.0, 0.0, 0.0, 0.0, 0.0, 0.0, 0.0, 0.0, 1.0, 0.0]"
114404,training,Title: Colossal Stillness. Artist: Scott Holmes. Album: Colossal Stillness (2014). Genre: Rock,Rock,"[0.0, 0.0, 0.0, 0.0, 0.0, 0.0, 0.0, 0.0, 0.0, 0.0, 0.0, 0.0, 0.0, 0.0, 0.0, 0.0, 0.0, 0.0, 1.0, 0.0]"
114405,training,Title: Reminiscence. Artist: Scott Holmes. Album: Colossal Stillness (2014). Genre: Rock,Rock,"[0.0, 0.0, 0.0, 0.0, 0.0, 0.0, 0.0, 0.0, 0.0, 0.0, 0.0, 0.0, 0.0, 0.0, 0.0, 0.0, 0.0, 0.0, 1.0, 0.0]"
114406,training,Title: Breathe New Life ll. Artist: Scott Holmes. Album: Colossal Stillness (2014). Genre: Rock,Rock,"[0.0, 0.0, 0.0, 0.0, 0.0, 0.0, 0.0, 0.0, 0.0, 0.0, 0.0, 0.0, 0.0, 0.0, 0.0, 0.0, 0.0, 0.0, 1.0, 0.0]"
114408,training,Title: Feather. Artist: Scott Holmes. Album: We Used To Paint Stars In The Sky (2012). Genre: Rock,Rock,"[0.0, 0.0, 0.0, 0.0, 0.0, 0.0, 0.0, 0.0, 0.0, 0.0, 0.0, 0.0, 0.0, 0.0, 0.0, 1.0, 0.0, 0.0, 0.0, 0.0]"
114409,training,Title: Always The Last To Know. Artist: Scott Holmes. Album: We Used To Paint Stars In The Sky (2012). Genre: Rock,Rock,"[0.0, 0.0, 0.0, 0.0, 0.0, 0.0, 0.0, 0.0, 0.0, 0.0, 0.0, 0.0, 0.0, 0.0, 0.0, 1.0, 0.0, 0.0, 0.0, 0.0]"
114410,training,Title: Ascension. Artist: Scott Holmes. Album: We Used To Paint Stars In The Sky (2012). Genre: Rock,Rock,"[0.0, 0.0, 0.0, 0.0, 0.0, 0.0, 0.0, 0.0, 0.0, 0.0, 0.0, 0.0, 0.0, 0.0, 0.0, 1.0, 0.0, 0.0, 0.0, 0.0]"
114411,training,Title: Levels Of Greatness. Artist: Scott Holmes. Album: We Used To Paint Stars In The Sky (2012). Genre: Rock,Rock,"[0.0, 0.0, 0.0, 0.0, 0.0, 0.0, 0.0, 0.0, 0.0, 0.0, 0.0, 0.0, 0.0, 0.0, 0.0, 1.0, 0.0, 0.0, 0.0, 0.0]"
114412,training,Title: October. Artist: Scott Holmes. Album: We Used To Paint Stars In The Sky (2012). Genre: Rock,Rock,"[0.0, 0.0, 0.0, 0.0, 0.0, 0.0, 0.0, 0.0, 0.0, 0.0, 0.0, 0.0, 0.0, 0.0, 0.0, 1.0, 0.0, 0.0, 0.0, 0.0]"
114413,training,Title: Signals. Artist: Scott Holmes. Album: We Used To Paint Stars In The Sky (2012). Genre: Rock,Rock,"[0.0, 0.0, 0.0, 0.0, 0.0, 0.0, 0.0, 0.0, 0.0, 0.0, 0.0, 0.0, 0.0, 0.0, 0.0, 1.0, 0.0, 0.0, 0.0, 0.0]"
114414,training,Title: We Used To Paint Stars In The Sky. Artist: Scott Holmes. Album: We Used To Paint Stars In The Sky (2012). Genre: Rock,Rock,"[0.0, 0.0, 0.0, 0.0, 0.0, 0.0, 0.0, 0.0, 0.0, 0.0, 0.0, 0.0, 0.0, 0.0, 0.0, 1.0, 0.0, 0.0, 0.0, 0.0]"
114415,training,Title: Death Of An Orchid. Artist: Scott Holmes. Album: We Used To Paint Stars In The Sky (2012). Genre: Rock,Rock,"[0.0, 0.0, 0.0, 0.0, 0.0, 0.0, 0.0, 0.0, 0.0, 0.0, 0.0, 0.0, 0.0, 0.0, 0.0, 1.0, 0.0, 0.0, 0.0, 0.0]"
114416,training,Title: Beyond Something Beautiful. Artist: Scott Holmes. Album: We Used To Paint Stars In The Sky (2012). Genre: Rock,Rock,"[0.0, 0.0, 0.0, 0.0, 0.0, 0.0, 0.0, 0.0, 0.0, 0.0, 0.0, 0.0, 0.0, 0.0, 0.0, 1.0, 0.0, 0.0, 0.0, 0.0]"
114544,training,Title: other side of the wave. Artist: epsilon not. Album: dayvision. Genre: Electronic,Electronic,"[0.0, 1.0, 0.0, 0.0, 0.0, 0.0, 1.0, 0.0, 0.0, 0.0, 0.0, 0.0, 0.0, 0.0, 0.0, 0.0, 1.0, 0.0, 0.0, 0.0]"
114545,training,Title: shmoove. Artist: epsilon not. Album: dayvision. Genre: Electronic,Electronic,"[0.0, 1.0, 0.0, 0.0, 0.0, 0.0, 1.0, 0.0, 0.0, 0.0, 0.0, 0.0, 0.0, 0.0, 0.0, 0.0, 1.0, 0.0, 0.0, 0.0]"
114556,training,Title: keep the money. Artist: epsilon not. Album: dayvision. Genre: Electronic,Electronic,"[0.0, 1.0, 0.0, 0.0, 0.0, 0.0, 1.0, 0.0, 0.0, 0.0, 0.0, 0.0, 0.0, 0.0, 0.0, 0.0, 1.0, 0.0, 0.0, 0.0]"
114558,training,Title: delete_me. Artist: epsilon not. Album: dayvision. Genre: Electronic,Electronic,"[0.0, 1.0, 0.0, 0.0, 0.0, 0.0, 1.0, 0.0, 0.0, 0.0, 0.0, 0.0, 0.0, 0.0, 0.0, 0.0, 1.0, 0.0, 0.0, 0.0]"
114559,training,Title: space funk systems 199X. Artist: epsilon not. Album: dayvision. Genre: Electronic,Electronic,"[0.0, 1.0, 0.0, 0.0, 0.0, 0.0, 1.0, 0.0, 0.0, 0.0, 0.0, 0.0, 0.0, 0.0, 0.0, 0.0, 1.0, 0.0, 0.0, 0.0]"
115721,training,Title: Blue Pill. Artist: Martin R.. Album: In Winter Colours. Genre: Electronic,Electronic,"[0.0, 0.0, 0.0, 0.0, 0.0, 0.0, 0.0, 0.0, 0.0, 0.0, 0.0, 0.0, 0.0, 1.0, 0.0, 0.0, 0.0, 0.0, 0.0, 0.0]"
115722,training,Title: Sunrise. Artist: Martin R.. Album: In Winter Colours. Genre: Electronic,Electronic,"[0.0, 0.0, 0.0, 0.0, 0.0, 0.0, 0.0, 0.0, 0.0, 0.0, 0.0, 0.0, 0.0, 1.0, 0.0, 0.0, 0.0, 0.0, 0.0, 0.0]"
115723,training,Title: Acidamine. Artist: Martin R.. Album: In Winter Colours. Genre: Electronic,Electronic,"[0.0, 0.0, 0.0, 0.0, 0.0, 0.0, 0.0, 0.0, 0.0, 0.0, 0.0, 0.0, 0.0, 1.0, 0.0, 0.0, 0.0, 0.0, 0.0, 0.0]"
115724,training,Title: Theme for a Raven. Artist: Martin R.. Album: In Winter Colours. Genre: Electronic,Electronic,"[0.0, 0.0, 0.0, 0.0, 0.0, 0.0, 0.0, 0.0, 0.0, 0.0, 0.0, 0.0, 0.0, 1.0, 0.0, 0.0, 0.0, 0.0, 0.0, 0.0]"
116116,training,Title: Commercial Industrial. Artist: 10ksqft Werehaus. Album: 10ksqft Vol.1. Genre: Experimental,Experimental,"[0.0, 0.0, 0.0, 0.0, 0.0, 0.0, 0.0, 0.0, 1.0, 0.0, 0.0, 0.0, 0.0, 0.0, 0.0, 0.0, 0.0, 0.0, 0.0, 0.0]"
116119,training,Title: Electric Skeleton. Artist: 10ksqft Werehaus. Album: 10ksqft Vol.1. Genre: Experimental,Experimental,"[0.0, 0.0, 0.0, 0.0, 0.0, 0.0, 0.0, 0.0, 1.0, 0.0, 0.0, 0.0, 0.0, 0.0, 0.0, 0.0, 0.0, 0.0, 0.0, 0.0]"
116261,training,Title: 000010KSQFT00564-T4. Artist: 10ksqft Werehaus. Album: 10ksqft Vol.1. Genre: Experimental,Experimental,"[0.0, 0.0, 0.0, 0.0, 0.0, 0.0, 0.0, 0.0, 1.0, 0.0, 0.0, 0.0, 0.0, 0.0, 0.0, 0.0, 0.0, 0.0, 0.0, 0.0]"
116344,training,Title: Bitstrain. Artist: Csum. Album: Mnemotron. Genre: Electronic,Electronic,"[0.0, 1.0, 0.0, 0.0, 1.0, 0.0, 0.0, 0.0, 0.0, 0.0, 0.0, 0.0, 0.0, 0.0, 0.0, 0.0, 0.0, 0.0, 0.0, 0.0]"
116345,training,Title: Should've Been a Hidden Track. Artist: Csum. Album: Mnemotron. Genre: Electronic,Electronic,"[0.0, 1.0, 0.0, 0.0, 1.0, 0.0, 0.0, 0.0, 0.0, 0.0, 0.0, 0.0, 0.0, 0.0, 0.0, 0.0, 0.0, 0.0, 0.0, 0.0]"
116446,training,Title: Gringo Flamenco. Artist: Montana Skies. Album: Free Downloads. Genre: Folk,Folk,"[0.0, 0.0, 0.0, 1.0, 0.0, 0.0, 0.0, 0.0, 0.0, 0.0, 0.0, 0.0, 0.0, 0.0, 0.0, 0.0, 0.0, 0.0, 0.0, 0.0]"
116447,training,Title: Malaguena (live). Artist: Montana Skies. Album: Free Downloads. Genre: Folk,Folk,"[0.0, 0.0, 0.0, 1.0, 0.0, 0.0, 0.0, 0.0, 0.0, 0.0, 0.0, 0.0, 0.0, 0.0, 0.0, 0.0, 0.0, 0.0, 0.0, 0.0]"
116448,training,Title: L.C.P. (Locomotion Commotion Potion) pre-mastered. Artist: Montana Skies. Album: Free Downloads. Genre: Folk,Folk,"[0.0, 0.0, 0.0, 1.0, 0.0, 0.0, 0.0, 0.0, 0.0, 0.0, 0.0, 0.0, 0.0, 0.0, 0.0, 0.0, 0.0, 0.0, 0.0, 0.0]"
116449,training,Title: Lift (with six string electric cello). Artist: Montana Skies. Album: Free Downloads. Genre: Folk,Folk,"[0.0, 0.0, 0.0, 1.0, 0.0, 0.0, 0.0, 0.0, 0.0, 0.0, 0.0, 0.0, 0.0, 0.0, 0.0, 0.0, 0.0, 0.0, 0.0, 0.0]"
116451,training,Title: December Mourning. Artist: Montana Skies. Album: Free Downloads. Genre: Folk,Folk,"[0.0, 0.0, 0.0, 1.0, 0.0, 0.0, 0.0, 0.0, 0.0, 0.0, 0.0, 0.0, 0.0, 0.0, 0.0, 0.0, 0.0, 0.0, 0.0, 0.0]"
116452,training,Title: The Edge of Night. Artist: Montana Skies. Album: Free Downloads. Genre: Folk,Folk,"[0.0, 0.0, 0.0, 1.0, 0.0, 0.0, 0.0, 0.0, 0.0, 0.0, 0.0, 0.0, 0.0, 0.0, 0.0, 0.0, 0.0, 0.0, 0.0, 0.0]"
116453,training,Title: House of the Rising Sun (live). Artist: Montana Skies. Album: Free Downloads. Genre: Folk,Folk,"[0.0, 0.0, 0.0, 1.0, 0.0, 0.0, 0.0, 0.0, 0.0, 0.0, 0.0, 0.0, 0.0, 0.0, 0.0, 0.0, 0.0, 0.0, 0.0, 0.0]"
116454,training,Title: Tunnels. Artist: Montana Skies. Album: Free Downloads. Genre: Folk,Folk,"[0.0, 0.0, 0.0, 1.0, 0.0, 0.0, 0.0, 0.0, 0.0, 0.0, 0.0, 0.0, 0.0, 0.0, 0.0, 0.0, 0.0, 0.0, 0.0, 0.0]"
116455,training,Title: Montana Skies. Artist: Montana Skies. Album: Free Downloads. Genre: Folk,Folk,"[0.0, 0.0, 0.0, 1.0, 0.0, 0.0, 0.0, 0.0, 0.0, 0.0, 0.0, 0.0, 0.0, 0.0, 0.0, 0.0, 0.0, 0.0, 0.0, 0.0]"
116456,training,Title: Canyon Breeze. Artist: Montana Skies. Album: Free Downloads. Genre: Folk,Folk,"[0.0, 0.0, 0.0, 1.0, 0.0, 0.0, 0.0, 0.0, 0.0, 0.0, 0.0, 0.0, 0.0, 0.0, 0.0, 0.0, 0.0, 0.0, 0.0, 0.0]"
116457,training,Title: Canyon Breeze (live). Artist: Montana Skies. Album: Free Downloads. Genre: Folk,Folk,"[0.0, 0.0, 0.0, 1.0, 0.0, 0.0, 0.0, 0.0, 0.0, 0.0, 0.0, 0.0, 0.0, 0.0, 0.0, 0.0, 0.0, 0.0, 0.0, 0.0]"
116458,training,Title: Gringo Flamenco (live). Artist: Montana Skies. Album: Free Downloads. Genre: Folk,Folk,"[0.0, 0.0, 0.0, 1.0, 0.0, 0.0, 0.0, 0.0, 0.0, 0.0, 0.0, 0.0, 0.0, 0.0, 0.0, 0.0, 0.0, 0.0, 0.0, 0.0]"
118670,training,Title: When The Rains. Artist: Red Trees. Album: Give Love (side A). Genre: Folk,Folk,"[0.0, 0.0, 0.0, 0.0, 0.0, 0.0, 0.0, 0.0, 0.0, 0.0, 0.0, 0.0, 0.0, 0.0, 0.0, 1.0, 0.0, 0.0, 0.0, 0.0]"
118671,training,Title: Butterfly Shield. Artist: Red Trees. Album: Give Love (side A). Genre: Folk,Folk,"[0.0, 0.0, 0.0, 0.0, 0.0, 0.0, 0.0, 0.0, 0.0, 0.0, 0.0, 0.0, 0.0, 0.0, 0.0, 1.0, 0.0, 0.0, 0.0, 0.0]"
118672,training,Title: Mountain. Artist: Red Trees. Album: Give Love (side A). Genre: Folk,Folk,"[0.0, 0.0, 0.0, 0.0, 0.0, 0.0, 0.0, 0.0, 0.0, 0.0, 0.0, 0.0, 0.0, 0.0, 0.0, 1.0, 0.0, 0.0, 0.0, 0.0]"
118674,training,Title: Driving Just To Drive. Artist: Red Trees. Album: Give Love (side A). Genre: Folk,Folk,"[0.0, 0.0, 0.0, 0.0, 0.0, 0.0, 0.0, 0.0, 0.0, 0.0, 0.0, 0.0, 0.0, 0.0, 0.0, 1.0, 0.0, 0.0, 0.0, 0.0]"
122472,training,Title: Merry-Go-Round Heart. Artist: Eric & Magill. Album: In This Light. Genre: Rock,Rock,"[0.0, 0.0, 0.0, 0.0, 0.0, 0.0, 0.0, 0.0, 0.0, 0.0, 0.0, 0.0, 0.0, 0.0, 1.0, 0.0, 0.0, 0.0, 0.0, 0.0]"
122473,training,"Title: ""Nina Goes Abroad"". Artist: Alessandro Coronas/Laura Mura. Album: La bèl pop (fifth anniversary compilation). Genre: Pop",Pop,"[0.0, 1.0, 0.0, 0.0, 0.0, 0.0, 0.0, 0.0, 0.0, 0.0, 0.0, 0.0, 0.0, 0.0, 0.0, 0.0, 0.0, 0.0, 0.0, 0.0]"
122474,training,"Title: ""nu pop2"". Artist: Plusplus. Album: La bèl pop (fifth anniversary compilation). Genre: Pop",Pop,"[0.0, 1.0, 0.0, 0.0, 0.0, 0.0, 0.0, 0.0, 0.0, 0.0, 0.0, 0.0, 0.0, 0.0, 0.0, 0.0, 0.0, 0.0, 0.0, 0.0]"
122475,training,"Title: ""Where has she gone"". Artist: Summerfugl. Album: La bèl pop (fifth anniversary compilation). Genre: Pop",Pop,"[0.0, 1.0, 0.0, 0.0, 0.0, 0.0, 0.0, 0.0, 0.0, 0.0, 0.0, 0.0, 0.0, 0.0, 0.0, 0.0, 0.0, 0.0, 0.0, 0.0]"
122498,training,"Title: ""Ibuki"". Artist: Madoka Ogitani. Album: La bèl pop (fifth anniversary compilation). Genre: Pop",Pop,"[0.0, 1.0, 0.0, 0.0, 0.0, 0.0, 0.0, 0.0, 0.0, 0.0, 0.0, 0.0, 0.0, 0.0, 0.0, 0.0, 0.0, 0.0, 0.0, 0.0]"
122499,training,"Title: ""Wheel of time"". Artist: N-qia. Album: La bèl pop (fifth anniversary compilation). Genre: Pop",Pop,"[0.0, 1.0, 0.0, 0.0, 0.0, 0.0, 0.0, 0.0, 0.0, 0.0, 0.0, 0.0, 0.0, 0.0, 0.0, 0.0, 0.0, 0.0, 0.0, 0.0]"
122500,training,"Title: ""Outsider girl"". Artist: Elisa Luu. Album: La bèl pop (fifth anniversary compilation). Genre: Pop",Pop,"[0.0, 1.0, 0.0, 0.0, 0.0, 0.0, 0.0, 0.0, 0.0, 0.0, 0.0, 0.0, 0.0, 0.0, 0.0, 0.0, 0.0, 0.0, 0.0, 0.0]"
122503,training,"Title: ""Early bird"". Artist: Neeva feat Carol. Album: La bèl pop (fifth anniversary compilation). Genre: Pop",Pop,"[0.0, 1.0, 0.0, 0.0, 0.0, 0.0, 0.0, 0.0, 0.0, 0.0, 0.0, 0.0, 0.0, 0.0, 0.0, 0.0, 0.0, 0.0, 0.0, 0.0]"
122504,training,"Title: ""Lost umbrella"". Artist: Frank Wilke/Andrè Darius. Album: La bèl pop (fifth anniversary compilation). Genre: Pop",Pop,"[0.0, 1.0, 0.0, 0.0, 0.0, 0.0, 0.0, 0.0, 0.0, 0.0, 0.0, 0.0, 0.0, 0.0, 0.0, 0.0, 0.0, 0.0, 0.0, 0.0]"
122533,training,"Title: ""Lucy's headphones"". Artist: Di Bos. Album: La bèl pop (fifth anniversary compilation). Genre: Pop",Pop,"[0.0, 1.0, 0.0, 0.0, 0.0, 0.0, 0.0, 0.0, 0.0, 0.0, 0.0, 0.0, 0.0, 0.0, 0.0, 0.0, 0.0, 0.0, 0.0, 0.0]"
122534,training,"Title: ""Young at Heart"". Artist: Adriano Orru. Album: La bèl pop (fifth anniversary compilation). Genre: Pop",Pop,"[0.0, 1.0, 0.0, 0.0, 0.0, 0.0, 0.0, 0.0, 0.0, 0.0, 0.0, 0.0, 0.0, 0.0, 0.0, 0.0, 0.0, 0.0, 0.0, 0.0]"
122578,training,"Title: ""Per uomini in pensione"". Artist: Medo's Little Trap. Album: La bèl pop (fifth anniversary compilation). Genre: Pop",Pop,"[0.0, 1.0, 0.0, 0.0, 0.0, 0.0, 0.0, 0.0, 0.0, 0.0, 0.0, 0.0, 0.0, 0.0, 0.0, 0.0, 0.0, 0.0, 0.0, 0.0]"
122579,training,"Title: ""Point of no return"". Artist: Menion. Album: La bèl pop (fifth anniversary compilation). Genre: Pop",Pop,"[0.0, 1.0, 0.0, 0.0, 0.0, 0.0, 0.0, 0.0, 0.0, 0.0, 0.0, 0.0, 0.0, 0.0, 0.0, 0.0, 0.0, 0.0, 0.0, 0.0]"
123509,training,"Title: ""Woman"". Artist: Red Trees. Album: La bèl pop (fifth anniversary compilation). Genre: Pop",Pop,"[0.0, 1.0, 0.0, 0.0, 0.0, 0.0, 0.0, 0.0, 0.0, 0.0, 0.0, 0.0, 0.0, 0.0, 0.0, 0.0, 0.0, 0.0, 0.0, 0.0]"
126221,training,Title: Naram​-​Sin. Artist: Ø+yn + GMC. Album: Popolus Ajeno. Genre: Experimental,Experimental,"[1.0, 0.0, 0.0, 0.0, 0.0, 0.0, 0.0, 0.0, 0.0, 0.0, 0.0, 0.0, 0.0, 0.0, 0.0, 0.0, 0.0, 0.0, 0.0, 0.0]"
126223,training,Title: Cumbia Masonica. Artist: Ø+yn + GMC. Album: Popolus Ajeno. Genre: Experimental,Experimental,"[1.0, 0.0, 0.0, 0.0, 0.0, 0.0, 0.0, 0.0, 0.0, 0.0, 0.0, 0.0, 0.0, 0.0, 0.0, 0.0, 0.0, 0.0, 0.0, 0.0]"
126224,training,Title: Estela Tractus. Artist: Ø+yn + GMC. Album: Popolus Ajeno. Genre: Experimental,Experimental,"[1.0, 0.0, 0.0, 0.0, 0.0, 0.0, 0.0, 0.0, 0.0, 0.0, 0.0, 0.0, 0.0, 0.0, 0.0, 0.0, 0.0, 0.0, 0.0, 0.0]"
126225,training,Title: Medusa Mayorina. Artist: Ø+yn + GMC. Album: Popolus Ajeno. Genre: Experimental,Experimental,"[1.0, 0.0, 0.0, 0.0, 0.0, 0.0, 0.0, 0.0, 0.0, 0.0, 0.0, 0.0, 0.0, 0.0, 0.0, 0.0, 0.0, 0.0, 0.0, 0.0]"
126226,training,Title: الغول. Artist: Ø+yn + GMC. Album: Popolus Ajeno. Genre: Experimental,Experimental,"[1.0, 0.0, 0.0, 0.0, 0.0, 0.0, 0.0, 0.0, 0.0, 0.0, 0.0, 0.0, 0.0, 0.0, 0.0, 0.0, 0.0, 0.0, 0.0, 0.0]"
126227,training,Title: La Barcaza. Artist: Ø+yn + GMC. Album: Popolus Ajeno. Genre: Experimental,Experimental,"[1.0, 0.0, 0.0, 0.0, 0.0, 0.0, 0.0, 0.0, 0.0, 0.0, 0.0, 0.0, 0.0, 0.0, 0.0, 0.0, 0.0, 0.0, 0.0, 0.0]"
126294,training,Title: Sheffield Hall. Artist: Andy G. Cohen. Album: Layers (EP). Genre: Rock,Rock,"[0.0, 0.0, 0.0, 1.0, 0.0, 0.0, 0.0, 0.0, 0.0, 0.0, 0.0, 0.0, 0.0, 0.0, 0.0, 1.0, 0.0, 0.0, 0.0, 0.0]"
126295,training,Title: Living on the Wind. Artist: Andy G. Cohen. Album: Layers (EP). Genre: Rock,Rock,"[0.0, 0.0, 0.0, 1.0, 0.0, 0.0, 0.0, 0.0, 0.0, 0.0, 0.0, 0.0, 0.0, 0.0, 0.0, 1.0, 0.0, 0.0, 0.0, 0.0]"
126297,training,Title: Sprocket. Artist: Andy G. Cohen. Album: Layers (EP). Genre: Rock,Rock,"[0.0, 0.0, 0.0, 1.0, 0.0, 0.0, 0.0, 0.0, 0.0, 0.0, 0.0, 0.0, 0.0, 0.0, 0.0, 1.0, 0.0, 0.0, 0.0, 0.0]"
126300,training,Title: Scramby Eggs. Artist: Andy G. Cohen. Album: Layers (EP). Genre: Rock,Rock,"[0.0, 0.0, 0.0, 1.0, 0.0, 0.0, 0.0, 0.0, 0.0, 0.0, 0.0, 0.0, 0.0, 0.0, 0.0, 1.0, 0.0, 0.0, 0.0, 0.0]"
126598,training,Title: Sixes Are Silent (Alternate Version). Artist: Skyjelly. Album: Boston Hassle Listening Party / Podcast - Skyjelly. Genre: Rock,Rock,"[1.0, 0.0, 0.0, 0.0, 0.0, 0.0, 0.0, 0.0, 0.0, 0.0, 0.0, 0.0, 0.0, 0.0, 0.0, 0.0, 0.0, 0.0, 0.0, 0.0]"
127155,training,Title: So Sad. Artist: SHOMOMOSE. Album: [EPV_180] BLACK. Genre: Experimental,Experimental,"[1.0, 1.0, 1.0, 0.0, 0.0, 0.0, 0.0, 0.0, 0.0, 0.0, 0.0, 0.0, 0.0, 0.0, 1.0, 0.0, 0.0, 0.0, 0.0, 0.0]"
129399,training,Title: Don't You Think It's Time?. Artist: Andy G. Cohen. Album: Through The Lens. Genre: Rock,Rock,"[0.0, 0.0, 0.0, 1.0, 0.0, 0.0, 0.0, 0.0, 0.0, 0.0, 0.0, 0.0, 0.0, 0.0, 0.0, 0.0, 0.0, 0.0, 0.0, 0.0]"
131837,training,Title: 『鯖江市日の出』Sabae Sunrise. Artist: Fabian Measures. Album: Singles Album. Genre: Instrumental,Instrumental,"[0.0, 0.0, 0.0, 1.0, 0.0, 0.0, 0.0, 0.0, 0.0, 0.0, 0.0, 0.0, 0.0, 0.0, 0.0, 0.0, 0.0, 0.0, 0.0, 0.0]"
134094,training,Title: Live. Artist: dj balli and his. Album: Live @ TPO - Homework Festival - Bologna - Italy - 19 May 2012. Genre: Experimental,Experimental,"[0.0, 0.0, 1.0, 0.0, 0.0, 0.0, 0.0, 0.0, 0.0, 0.0, 0.0, 0.0, 0.0, 0.0, 0.0, 0.0, 0.0, 0.0, 0.0, 0.0]"
134631,training,"Title: Weightlessness of Fire. Artist: Ak'chamel, The Giver of Illness. Album: Pus Ch'en. Genre: Experimental",Experimental,"[1.0, 0.0, 0.0, 0.0, 0.0, 0.0, 0.0, 0.0, 0.0, 0.0, 0.0, 0.0, 0.0, 0.0, 0.0, 0.0, 0.0, 0.0, 0.0, 0.0]"
137484,training,Title: An Egg In The Piano Lost In The Box Of Nails. Artist: Zreen Toyz. Album: Mental Fragments. Genre: Experimental,Experimental,"[0.0, 0.0, 1.0, 0.0, 0.0, 0.0, 0.0, 0.0, 0.0, 0.0, 0.0, 0.0, 0.0, 0.0, 0.0, 0.0, 0.0, 0.0, 0.0, 0.0]"
137593,training,Title: Rock n' Roll (2008). Artist: Dyslexic Fudgicle. Album: Dyslexic Fudgicle - 2015 Release. Genre: Rock,Rock,"[1.0, 0.0, 0.0, 0.0, 0.0, 0.0, 0.0, 0.0, 0.0, 0.0, 0.0, 0.0, 0.0, 0.0, 0.0, 0.0, 0.0, 0.0, 0.0, 0.0]"
138207,training,Title: Dancing the light. Artist: 23 And Beyond The Infinite. Album: Faces From The Ancient Gallery. Genre: Rock,Rock,"[0.0, 0.0, 0.0, 1.0, 0.0, 0.0, 0.0, 0.0, 0.0, 0.0, 0.0, 0.0, 0.0, 0.0, 0.0, 0.0, 0.0, 0.0, 0.0, 0.0]"
138210,training,Title: Child sad eyes. Artist: 23 And Beyond The Infinite. Album: Faces From The Ancient Gallery. Genre: Rock,Rock,"[0.0, 0.0, 0.0, 1.0, 0.0, 0.0, 0.0, 0.0, 0.0, 0.0, 0.0, 0.0, 0.0, 0.0, 0.0, 0.0, 0.0, 0.0, 0.0, 0.0]"
138211,training,Title: Sons of cornucopia. Artist: 23 And Beyond The Infinite. Album: Faces From The Ancient Gallery. Genre: Rock,Rock,"[0.0, 0.0, 0.0, 1.0, 0.0, 0.0, 0.0, 0.0, 0.0, 0.0, 0.0, 0.0, 0.0, 0.0, 0.0, 0.0, 0.0, 0.0, 0.0, 0.0]"
139226,training,Title: Life In Bloom. Artist: Mike B. Fort. Album: That's me. Genre: Electronic,Electronic,"[0.0, 1.0, 0.0, 0.0, 0.0, 0.0, 0.0, 0.0, 0.0, 0.0, 0.0, 0.0, 0.0, 0.0, 0.0, 0.0, 0.0, 0.0, 0.0, 0.0]"
140564,training,Title: badonk. Artist: transient. Album: wonky bypass. Genre: Electronic,Electronic,"[0.0, 0.0, 0.0, 0.0, 0.0, 0.0, 0.0, 0.0, 0.0, 0.0, 0.0, 0.0, 0.0, 1.0, 0.0, 0.0, 0.0, 0.0, 0.0, 0.0]"
140565,training,Title: pretend your happy. Artist: transient. Album: wonky bypass. Genre: Electronic,Electronic,"[0.0, 0.0, 0.0, 0.0, 0.0, 0.0, 0.0, 0.0, 0.0, 0.0, 0.0, 0.0, 0.0, 1.0, 0.0, 0.0, 0.0, 0.0, 0.0, 0.0]"
140566,training,Title: thoughts. Artist: transient. Album: wonky bypass. Genre: Electronic,Electronic,"[0.0, 0.0, 0.0, 0.0, 0.0, 0.0, 0.0, 0.0, 0.0, 0.0, 0.0, 0.0, 0.0, 1.0, 0.0, 0.0, 0.0, 0.0, 0.0, 0.0]"
141074,training,Title: Piscoid. Artist: Andy G. Cohen. Album: MUL / DIV. Genre: Instrumental,Instrumental,"[0.0, 0.0, 0.0, 1.0, 0.0, 0.0, 0.0, 0.0, 0.0, 0.0, 0.0, 0.0, 0.0, 0.0, 0.0, 0.0, 0.0, 0.0, 0.0, 0.0]"
141144,training,Title: Land Legs. Artist: Andy G. Cohen. Album: MUL / DIV. Genre: Instrumental,Instrumental,"[0.0, 0.0, 0.0, 1.0, 0.0, 0.0, 0.0, 0.0, 0.0, 0.0, 0.0, 0.0, 0.0, 0.0, 0.0, 0.0, 0.0, 0.0, 0.0, 0.0]"
141282,training,Title: Rogue Planet. Artist: Kevin Hartnell. Album: CC BY-SA 4.0. Genre: Instrumental,Instrumental,"[0.0, 1.0, 0.0, 0.0, 0.0, 0.0, 1.0, 0.0, 1.0, 0.0, 0.0, 0.0, 0.0, 0.0, 1.0, 0.0, 0.0, 0.0, 0.0, 0.0]"
141283,training,Title: Razor Strap. Artist: Kevin Hartnell. Album: CC BY-SA 4.0. Genre: Instrumental,Instrumental,"[0.0, 1.0, 0.0, 0.0, 0.0, 0.0, 1.0, 0.0, 1.0, 0.0, 0.0, 0.0, 0.0, 0.0, 1.0, 0.0, 0.0, 0.0, 0.0, 0.0]"
141284,training,Title: Tree of Tears. Artist: Kevin Hartnell. Album: CC BY-SA 4.0. Genre: Instrumental,Instrumental,"[0.0, 1.0, 0.0, 0.0, 0.0, 0.0, 1.0, 0.0, 1.0, 0.0, 0.0, 0.0, 0.0, 0.0, 1.0, 0.0, 0.0, 0.0, 0.0, 0.0]"
141285,training,Title: Reflections. Artist: Kevin Hartnell. Album: CC BY-SA 4.0. Genre: Instrumental,Instrumental,"[0.0, 1.0, 0.0, 0.0, 0.0, 0.0, 1.0, 0.0, 1.0, 0.0, 0.0, 0.0, 0.0, 0.0, 1.0, 0.0, 0.0, 0.0, 0.0, 0.0]"
141286,training,Title: A Journey. Artist: Kevin Hartnell. Album: CC BY-SA 4.0. Genre: Instrumental,Instrumental,"[0.0, 1.0, 0.0, 0.0, 0.0, 0.0, 1.0, 0.0, 1.0, 0.0, 0.0, 0.0, 0.0, 0.0, 1.0, 0.0, 0.0, 0.0, 0.0, 0.0]"
141287,training,Title: Across the Sky. Artist: Kevin Hartnell. Album: CC BY-SA 4.0. Genre: Instrumental,Instrumental,"[0.0, 1.0, 0.0, 0.0, 0.0, 0.0, 1.0, 0.0, 1.0, 0.0, 0.0, 0.0, 0.0, 0.0, 1.0, 0.0, 0.0, 0.0, 0.0, 0.0]"
141288,training,Title: Cells. Artist: Kevin Hartnell. Album: CC BY-SA 4.0. Genre: Instrumental,Instrumental,"[0.0, 1.0, 0.0, 0.0, 0.0, 0.0, 1.0, 0.0, 1.0, 0.0, 0.0, 0.0, 0.0, 0.0, 1.0, 0.0, 0.0, 0.0, 0.0, 0.0]"
141289,training,Title: Disruptor. Artist: Kevin Hartnell. Album: CC BY-SA 4.0. Genre: Instrumental,Instrumental,"[0.0, 1.0, 0.0, 0.0, 0.0, 0.0, 1.0, 0.0, 1.0, 0.0, 0.0, 0.0, 0.0, 0.0, 1.0, 0.0, 0.0, 0.0, 0.0, 0.0]"
141290,training,Title: Podcast Theme. Artist: Kevin Hartnell. Album: CC BY-SA 4.0. Genre: Instrumental,Instrumental,"[0.0, 1.0, 0.0, 0.0, 0.0, 0.0, 1.0, 0.0, 1.0, 0.0, 0.0, 0.0, 0.0, 0.0, 1.0, 0.0, 0.0, 0.0, 0.0, 0.0]"
141291,training,Title: Rolling Seasong. Artist: Kevin Hartnell. Album: CC BY-SA 4.0. Genre: Instrumental,Instrumental,"[0.0, 1.0, 0.0, 0.0, 0.0, 0.0, 1.0, 0.0, 1.0, 0.0, 0.0, 0.0, 0.0, 0.0, 1.0, 0.0, 0.0, 0.0, 0.0, 0.0]"
141292,training,Title: Earth and Stone. Artist: Kevin Hartnell. Album: CC BY-SA 4.0. Genre: Instrumental,Instrumental,"[0.0, 1.0, 0.0, 0.0, 0.0, 0.0, 1.0, 0.0, 1.0, 0.0, 0.0, 0.0, 0.0, 0.0, 1.0, 0.0, 0.0, 0.0, 0.0, 0.0]"
141293,training,Title: Circles of Black and Red. Artist: Kevin Hartnell. Album: CC BY-SA 4.0. Genre: Instrumental,Instrumental,"[0.0, 1.0, 0.0, 0.0, 0.0, 0.0, 1.0, 0.0, 1.0, 0.0, 0.0, 0.0, 0.0, 0.0, 1.0, 0.0, 0.0, 0.0, 0.0, 0.0]"
141295,training,Title: Silver and Cold. Artist: Kevin Hartnell. Album: CC BY-SA 4.0. Genre: Instrumental,Instrumental,"[0.0, 1.0, 0.0, 0.0, 0.0, 0.0, 1.0, 0.0, 1.0, 0.0, 0.0, 0.0, 0.0, 0.0, 1.0, 0.0, 0.0, 0.0, 0.0, 0.0]"
141296,training,Title: The 13th Nocturne. Artist: Kevin Hartnell. Album: CC BY-SA 4.0. Genre: Instrumental,Instrumental,"[0.0, 1.0, 0.0, 0.0, 0.0, 0.0, 1.0, 0.0, 1.0, 0.0, 0.0, 0.0, 0.0, 0.0, 1.0, 0.0, 0.0, 0.0, 0.0, 0.0]"
141297,training,Title: Climbing Pulse. Artist: Kevin Hartnell. Album: CC BY-SA 4.0. Genre: Instrumental,Instrumental,"[0.0, 1.0, 0.0, 0.0, 0.0, 0.0, 1.0, 0.0, 1.0, 0.0, 0.0, 0.0, 0.0, 0.0, 1.0, 0.0, 0.0, 0.0, 0.0, 0.0]"
141299,training,Title: Interlude #13. Artist: Kevin Hartnell. Album: CC BY-SA 4.0. Genre: Instrumental,Instrumental,"[0.0, 1.0, 0.0, 0.0, 0.0, 0.0, 1.0, 0.0, 1.0, 0.0, 0.0, 0.0, 0.0, 0.0, 1.0, 0.0, 0.0, 0.0, 0.0, 0.0]"
141300,training,Title: The Dream Sequence. Artist: Kevin Hartnell. Album: CC BY-SA 4.0. Genre: Instrumental,Instrumental,"[0.0, 1.0, 0.0, 0.0, 0.0, 0.0, 1.0, 0.0, 1.0, 0.0, 0.0, 0.0, 0.0, 0.0, 1.0, 0.0, 0.0, 0.0, 0.0, 0.0]"
141303,training,Title: Dark Wave. Artist: Kevin Hartnell. Album: CC BY-SA 4.0. Genre: Instrumental,Instrumental,"[0.0, 1.0, 0.0, 0.0, 0.0, 0.0, 1.0, 0.0, 1.0, 0.0, 0.0, 0.0, 0.0, 0.0, 1.0, 0.0, 0.0, 0.0, 0.0, 0.0]"
141876,training,Title: Warmer. Artist: Andy G. Cohen. Album: MUL / DIV. Genre: Instrumental,Instrumental,"[0.0, 0.0, 0.0, 1.0, 0.0, 0.0, 0.0, 0.0, 0.0, 0.0, 0.0, 0.0, 0.0, 0.0, 0.0, 0.0, 0.0, 0.0, 0.0, 0.0]"
143039,training,Title: SEVEN RED MOVEMENTS. Artist: Salome Lego Playset - Susanna Laterza - Kenji Siratori. Album: Sabaku No Genkai. Genre: Experimental,Experimental,"[0.0, 0.0, 1.0, 0.0, 0.0, 0.0, 0.0, 0.0, 1.0, 0.0, 0.0, 0.0, 0.0, 0.0, 0.0, 0.0, 0.0, 0.0, 0.0, 0.0]"
143046,training,Title: Apollo. Artist: Mystery Mammal. Album: Wonders Of Modern Technology. Genre: Electronic,Electronic,"[0.0, 0.0, 0.0, 0.0, 0.0, 0.0, 0.0, 0.0, 0.0, 0.0, 0.0, 0.0, 1.0, 0.0, 0.0, 0.0, 0.0, 0.0, 0.0, 0.0]"
143055,training,Title: Robot Heart. Artist: Mystery Mammal. Album: Wonders Of Modern Technology. Genre: Electronic,Electronic,"[0.0, 0.0, 0.0, 0.0, 0.0, 0.0, 0.0, 0.0, 0.0, 0.0, 0.0, 0.0, 1.0, 0.0, 0.0, 0.0, 0.0, 0.0, 0.0, 0.0]"
143056,training,Title: Speeding Speech. Artist: Mystery Mammal. Album: Wonders Of Modern Technology. Genre: Electronic,Electronic,"[0.0, 0.0, 0.0, 0.0, 0.0, 0.0, 0.0, 0.0, 0.0, 0.0, 0.0, 0.0, 1.0, 0.0, 0.0, 0.0, 0.0, 0.0, 0.0, 0.0]"
143057,training,Title: There Is Something Wrong. Artist: Mystery Mammal. Album: Wonders Of Modern Technology. Genre: Electronic,Electronic,"[0.0, 0.0, 0.0, 0.0, 0.0, 0.0, 0.0, 0.0, 0.0, 0.0, 0.0, 0.0, 1.0, 0.0, 0.0, 0.0, 0.0, 0.0, 0.0, 0.0]"
143058,training,Title: There Is Another System. Artist: Mystery Mammal. Album: Wonders Of Modern Technology. Genre: Electronic,Electronic,"[0.0, 0.0, 0.0, 0.0, 0.0, 0.0, 0.0, 0.0, 0.0, 0.0, 0.0, 0.0, 1.0, 0.0, 0.0, 0.0, 0.0, 0.0, 0.0, 0.0]"
143059,training,Title: Ugh! Humans Can Join. Artist: Mystery Mammal. Album: Wonders Of Modern Technology. Genre: Electronic,Electronic,"[0.0, 0.0, 0.0, 0.0, 0.0, 0.0, 0.0, 0.0, 0.0, 0.0, 0.0, 0.0, 1.0, 0.0, 0.0, 0.0, 0.0, 0.0, 0.0, 0.0]"
143060,training,Title: Wonders Of Modern Technology. Artist: Mystery Mammal. Album: Wonders Of Modern Technology. Genre: Electronic,Electronic,"[0.0, 0.0, 0.0, 0.0, 0.0, 0.0, 0.0, 0.0, 0.0, 0.0, 0.0, 0.0, 1.0, 0.0, 0.0, 0.0, 0.0, 0.0, 0.0, 0.0]"
143061,training,Title: Lonely Satellite. Artist: Mystery Mammal. Album: Wonders Of Modern Technology. Genre: Electronic,Electronic,"[0.0, 0.0, 0.0, 0.0, 0.0, 0.0, 0.0, 0.0, 0.0, 0.0, 0.0, 0.0, 1.0, 0.0, 0.0, 0.0, 0.0, 0.0, 0.0, 0.0]"
144423,training,Title: Happy Jambo. Artist: Angel Garcia. Album: Happy Jambo. Genre: Electronic,Electronic,"[0.0, 0.0, 0.0, 0.0, 0.0, 0.0, 0.0, 0.0, 0.0, 0.0, 0.0, 0.0, 0.0, 1.0, 0.0, 0.0, 0.0, 0.0, 0.0, 0.0]"
144424,training,Title: Happy Jambo Remix. Artist: MegaHast3r. Album: Happy Jambo. Genre: Electronic,Electronic,"[0.0, 0.0, 0.0, 0.0, 0.0, 0.0, 0.0, 0.0, 0.0, 0.0, 0.0, 0.0, 0.0, 1.0, 0.0, 0.0, 0.0, 0.0, 0.0, 0.0]"
145183,training,Title: Soundtrack 1. Act 6. Artist: Robert Switzer. Album: Caligari: An Exquisite Corpse. Genre: Instrumental,Instrumental,"[1.0, 1.0, 0.0, 0.0, 0.0, 0.0, 0.0, 0.0, 0.0, 0.0, 0.0, 0.0, 0.0, 0.0, 0.0, 0.0, 0.0, 0.0, 0.0, 0.0]"
145189,training,Title: Soundtrack 2. Act 6. Artist: Steve Burnett. Album: Caligari: An Exquisite Corpse. Genre: Instrumental,Instrumental,"[1.0, 1.0, 0.0, 0.0, 0.0, 0.0, 0.0, 0.0, 0.0, 0.0, 0.0, 0.0, 0.0, 0.0, 0.0, 0.0, 0.0, 0.0, 0.0, 0.0]"
145431,training,Title: Open Cab. Artist: Fabian Measures. Album: Singles Album. Genre: Instrumental,Instrumental,"[0.0, 0.0, 0.0, 1.0, 0.0, 0.0, 0.0, 0.0, 0.0, 0.0, 0.0, 0.0, 0.0, 0.0, 0.0, 0.0, 0.0, 0.0, 0.0, 0.0]"
145432,training,Title: Ebb and Flow. Artist: Fabian Measures. Album: Singles Album. Genre: Instrumental,Instrumental,"[0.0, 0.0, 0.0, 1.0, 0.0, 0.0, 0.0, 0.0, 0.0, 0.0, 0.0, 0.0, 0.0, 0.0, 0.0, 0.0, 0.0, 0.0, 0.0, 0.0]"
147191,training,Title: Dr Sleepgood 3. Artist: Pocketmaster. Album: #010010. Genre: Electronic,Electronic,"[0.0, 1.0, 0.0, 0.0, 0.0, 0.0, 0.0, 0.0, 0.0, 0.0, 0.0, 0.0, 0.0, 0.0, 0.0, 0.0, 0.0, 0.0, 0.0, 0.0]"
148439,training,Title: Adrenaline Intro. Artist: Langax. Album: Netlabel Day 2016 Soisloscerdos Compilation. Genre: Electronic,Electronic,"[0.0, 1.0, 0.0, 0.0, 0.0, 0.0, 0.0, 0.0, 0.0, 0.0, 0.0, 0.0, 0.0, 1.0, 0.0, 0.0, 0.0, 0.0, 0.0, 1.0]"
148441,training,Title: Gugugu. Artist: Angel Garcia. Album: Netlabel Day 2016 Soisloscerdos Compilation. Genre: Electronic,Electronic,"[0.0, 1.0, 0.0, 0.0, 0.0, 0.0, 0.0, 0.0, 0.0, 0.0, 0.0, 0.0, 0.0, 1.0, 0.0, 0.0, 0.0, 0.0, 0.0, 1.0]"
148443,training,Title: Arid Badlands. Artist: No Human. Album: Netlabel Day 2016 Soisloscerdos Compilation. Genre: Electronic,Electronic,"[0.0, 1.0, 0.0, 0.0, 0.0, 0.0, 0.0, 0.0, 0.0, 0.0, 0.0, 0.0, 0.0, 1.0, 0.0, 0.0, 0.0, 0.0, 0.0, 1.0]"
148444,training,Title: Haka. Artist: MegaHast3r. Album: Netlabel Day 2016 Soisloscerdos Compilation. Genre: Electronic,Electronic,"[0.0, 1.0, 0.0, 0.0, 0.0, 0.0, 0.0, 0.0, 0.0, 0.0, 0.0, 0.0, 0.0, 1.0, 0.0, 0.0, 0.0, 0.0, 0.0, 1.0]"
148773,training,Title: Nothing Else Matters. Artist: Mystery Mammal. Album: Bulkhead. Genre: Electronic,Electronic,"[0.0, 1.0, 0.0, 0.0, 1.0, 0.0, 0.0, 0.0, 0.0, 0.0, 0.0, 0.0, 0.0, 0.0, 0.0, 0.0, 0.0, 0.0, 0.0, 0.0]"
152480,training,Title: A Perceptible Shift. Artist: Andy G. Cohen. Album: MUL / DIV. Genre: Instrumental,Instrumental,"[0.0, 0.0, 0.0, 1.0, 0.0, 0.0, 0.0, 0.0, 0.0, 0.0, 0.0, 0.0, 0.0, 0.0, 0.0, 0.0, 0.0, 0.0, 0.0, 0.0]"
19689,validation,Title: Excited Lobo Crown. Artist: NOW. Album: Ooo-Doo-Sigh. Genre: Pop,Pop,"[0.0, 1.0, 0.0, 0.0, 0.0, 0.0, 0.0, 0.0, 0.0, 0.0, 0.0, 0.0, 0.0, 0.0, 0.0, 0.0, 0.0, 0.0, 0.0, 0.0]"
30682,validation,Title: Daymare (Meth Lounge mix by Fez Dispenser). Artist: Boom Dispenser. Album: Boom Dispenser remixs: A Chronic Groove Feeder. Genre: Experimental,Experimental,"[0.0, 0.0, 0.0, 0.0, 1.0, 0.0, 0.0, 0.0, 0.0, 0.0, 0.0, 0.0, 0.0, 0.0, 0.0, 0.0, 0.0, 0.0, 0.0, 0.0]"
30895,validation,Title: Camuffarsi e Mantenere la Calma (Al Pianobar). Artist: Digi G'Alessio. Album: L'Attentato ai Mondiali. Genre: Electronic,Electronic,"[0.0, 0.0, 0.0, 0.0, 0.0, 0.0, 0.0, 0.0, 0.0, 0.0, 0.0, 0.0, 1.0, 0.0, 0.0, 0.0, 0.0, 0.0, 0.0, 0.0]"
58540,validation,Title: One Chord Wonder. Artist: Man Bites Dog. Album: Safe and Sound EP. Genre: Rock,Rock,"[0.0, 0.0, 0.0, 0.0, 0.0, 0.0, 0.0, 0.0, 0.0, 0.0, 0.0, 0.0, 0.0, 0.0, 1.0, 0.0, 0.0, 0.0, 0.0, 0.0]"
58541,validation,Title: Perfect One. Artist: Man Bites Dog. Album: Safe and Sound EP. Genre: Rock,Rock,"[0.0, 0.0, 0.0, 0.0, 0.0, 0.0, 0.0, 0.0, 0.0, 0.0, 0.0, 0.0, 0.0, 0.0, 1.0, 0.0, 0.0, 0.0, 0.0, 0.0]"
58542,validation,Title: Milk and Honey. Artist: Man Bites Dog. Album: Safe and Sound EP. Genre: Rock,Rock,"[0.0, 0.0, 0.0, 0.0, 0.0, 0.0, 0.0, 0.0, 0.0, 0.0, 0.0, 0.0, 0.0, 0.0, 1.0, 0.0, 0.0, 0.0, 0.0, 0.0]"
58543,validation,Title: College Rock (How To Hold The Guitar Right). Artist: Man Bites Dog. Album: Safe and Sound EP. Genre: Rock,Rock,"[0.0, 0.0, 0.0, 0.0, 0.0, 0.0, 0.0, 0.0, 0.0, 0.0, 0.0, 0.0, 0.0, 0.0, 1.0, 0.0, 0.0, 0.0, 0.0, 0.0]"
65037,validation,Title: A Lifetime of Summers Past. Artist: Candlegravity. Album: Before I Go. Genre: Electronic,Electronic,"[0.0, 1.0, 0.0, 0.0, 0.0, 0.0, 0.0, 0.0, 0.0, 0.0, 1.0, 0.0, 1.0, 0.0, 0.0, 0.0, 0.0, 0.0, 1.0, 0.0]"
65038,validation,Title: Snow Monkeys. Artist: Candlegravity. Album: Before I Go. Genre: Electronic,Electronic,"[0.0, 1.0, 0.0, 0.0, 0.0, 0.0, 0.0, 0.0, 0.0, 0.0, 1.0, 0.0, 1.0, 0.0, 0.0, 0.0, 0.0, 0.0, 1.0, 0.0]"
65039,validation,Title: Circuit Doves. Artist: Candlegravity. Album: Before I Go. Genre: Electronic,Electronic,"[0.0, 1.0, 0.0, 0.0, 0.0, 0.0, 0.0, 0.0, 0.0, 0.0, 1.0, 0.0, 1.0, 0.0, 0.0, 0.0, 0.0, 0.0, 1.0, 0.0]"
65040,validation,Title: Anxiety Ejection. Artist: Candlegravity. Album: Before I Go. Genre: Electronic,Electronic,"[0.0, 1.0, 0.0, 0.0, 0.0, 0.0, 0.0, 0.0, 0.0, 0.0, 1.0, 0.0, 1.0, 0.0, 0.0, 0.0, 0.0, 0.0, 1.0, 0.0]"
89178,validation,Title: The Walker. Artist: Chuzausen. Album: Awesome Is Grey. Genre: Hip-Hop,Hip-Hop,"[0.0, 1.0, 0.0, 0.0, 0.0, 0.0, 0.0, 0.0, 0.0, 0.0, 0.0, 0.0, 0.0, 0.0, 0.0, 0.0, 0.0, 0.0, 0.0, 0.0]"
89179,validation,Title: Epic Fail. Artist: Chuzausen. Album: Awesome Is Grey. Genre: Hip-Hop,Hip-Hop,"[0.0, 1.0, 0.0, 0.0, 0.0, 0.0, 0.0, 0.0, 0.0, 0.0, 0.0, 0.0, 0.0, 0.0, 0.0, 0.0, 0.0, 0.0, 0.0, 0.0]"
89192,validation,Title: Raro Bueno. Artist: Chuzausen. Album: Awesome Is Grey. Genre: Hip-Hop,Hip-Hop,"[0.0, 1.0, 0.0, 0.0, 0.0, 0.0, 0.0, 0.0, 0.0, 0.0, 0.0, 0.0, 0.0, 0.0, 0.0, 0.0, 0.0, 0.0, 0.0, 0.0]"
89195,validation,Title: Golden Tales. Artist: Chuzausen. Album: Awesome Is Grey. Genre: Hip-Hop,Hip-Hop,"[0.0, 1.0, 0.0, 0.0, 0.0, 0.0, 0.0, 0.0, 0.0, 0.0, 0.0, 0.0, 0.0, 0.0, 0.0, 0.0, 0.0, 0.0, 0.0, 0.0]"
89196,validation,Title: Dramatronico. Artist: Chuzausen. Album: Awesome Is Grey. Genre: Hip-Hop,Hip-Hop,"[0.0, 1.0, 0.0, 0.0, 0.0, 0.0, 0.0, 0.0, 0.0, 0.0, 0.0, 0.0, 0.0, 0.0, 0.0, 0.0, 0.0, 0.0, 0.0, 0.0]"
107909,validation,"Title: The Librettist. Artist: Project 5am. Album: 5am, Wabi Sabi. Genre: Electronic",Electronic,"[0.0, 0.0, 0.0, 0.0, 0.0, 0.0, 1.0, 0.0, 0.0, 0.0, 0.0, 0.0, 0.0, 0.0, 0.0, 0.0, 0.0, 0.0, 0.0, 0.0]"
107910,validation,"Title: Yves. Artist: Project 5am. Album: 5am, Wabi Sabi. Genre: Electronic",Electronic,"[0.0, 0.0, 0.0, 0.0, 0.0, 0.0, 1.0, 0.0, 0.0, 0.0, 0.0, 0.0, 0.0, 0.0, 0.0, 0.0, 0.0, 0.0, 0.0, 0.0]"
107911,validation,"Title: My Mind To Me, My Kingdom Is. Artist: Project 5am. Album: 5am, Wabi Sabi. Genre: Electronic",Electronic,"[0.0, 0.0, 0.0, 0.0, 0.0, 0.0, 1.0, 0.0, 0.0, 0.0, 0.0, 0.0, 0.0, 0.0, 0.0, 0.0, 0.0, 0.0, 0.0, 0.0]"
107912,validation,"Title: The Dream. Artist: Project 5am. Album: 5am, Wabi Sabi. Genre: Electronic",Electronic,"[0.0, 0.0, 0.0, 0.0, 0.0, 0.0, 1.0, 0.0, 0.0, 0.0, 0.0, 0.0, 0.0, 0.0, 0.0, 0.0, 0.0, 0.0, 0.0, 0.0]"
107913,validation,"Title: 5am, Wabi Sabi. Artist: Project 5am. Album: 5am, Wabi Sabi. Genre: Electronic",Electronic,"[0.0, 0.0, 0.0, 0.0, 0.0, 0.0, 1.0, 0.0, 0.0, 0.0, 0.0, 0.0, 0.0, 0.0, 0.0, 0.0, 0.0, 0.0, 0.0, 0.0]"
109925,validation,Title: Blacklisted. Artist: JTPE. Album: Segment II EP. Genre: Electronic,Electronic,"[0.0, 0.0, 0.0, 0.0, 1.0, 0.0, 0.0, 0.0, 0.0, 0.0, 0.0, 0.0, 0.0, 0.0, 0.0, 0.0, 0.0, 0.0, 0.0, 0.0]"
116514,validation,Title: R.A.H.M.A.V.N. [221]. Artist: SULCUS. Album: Mutanauts. Genre: Experimental,Experimental,"[1.0, 0.0, 0.0, 0.0, 0.0, 0.0, 0.0, 0.0, 0.0, 0.0, 0.0, 0.0, 0.0, 0.0, 0.0, 0.0, 0.0, 0.0, 0.0, 0.0]"
116517,validation,Title: 1-player zero-sum game. Artist: SULCUS. Album: Mutanauts. Genre: Experimental,Experimental,"[1.0, 0.0, 0.0, 0.0, 0.0, 0.0, 0.0, 0.0, 0.0, 0.0, 0.0, 0.0, 0.0, 0.0, 0.0, 0.0, 0.0, 0.0, 0.0, 0.0]"
116525,validation,Title: ghost cat glitch. Artist: SULCUS. Album: Mutanauts. Genre: Experimental,Experimental,"[1.0, 0.0, 0.0, 0.0, 0.0, 0.0, 0.0, 0.0, 0.0, 0.0, 0.0, 0.0, 0.0, 0.0, 0.0, 0.0, 0.0, 0.0, 0.0, 0.0]"
118070,validation,Title: After Dark. Artist: Project 5am. Album: The Cecilia Way. Genre: Electronic,Electronic,"[0.0, 0.0, 0.0, 1.0, 1.0, 0.0, 0.0, 0.0, 0.0, 0.0, 0.0, 0.0, 0.0, 0.0, 0.0, 0.0, 0.0, 0.0, 0.0, 0.0]"
120513,validation,Title: Nesco Gloss. Artist: LAZY SALON. Album: LZY_SLN-003. Genre: Instrumental,Instrumental,"[0.0, 0.0, 0.0, 1.0, 0.0, 0.0, 0.0, 0.0, 0.0, 0.0, 0.0, 0.0, 0.0, 0.0, 0.0, 0.0, 0.0, 0.0, 0.0, 0.0]"
120514,validation,Title: Upside Crown. Artist: LAZY SALON. Album: LZY_SLN-003. Genre: Instrumental,Instrumental,"[0.0, 0.0, 0.0, 1.0, 0.0, 0.0, 0.0, 0.0, 0.0, 0.0, 0.0, 0.0, 0.0, 0.0, 0.0, 0.0, 0.0, 0.0, 0.0, 0.0]"
120515,validation,Title: Rai. Artist: LAZY SALON. Album: LZY_SLN-003. Genre: Instrumental,Instrumental,"[0.0, 0.0, 0.0, 1.0, 0.0, 0.0, 0.0, 0.0, 0.0, 0.0, 0.0, 0.0, 0.0, 0.0, 0.0, 0.0, 0.0, 0.0, 0.0, 0.0]"
125154,validation,Title: Hipster's Call. Artist: Gorowski. Album: The Gorowski Archives (2005-2015). Genre: Electronic,Electronic,"[0.0, 1.0, 0.0, 0.0, 0.0, 0.0, 0.0, 0.0, 0.0, 0.0, 0.0, 0.0, 0.0, 1.0, 0.0, 0.0, 0.0, 0.0, 1.0, 0.0]"
125156,validation,Title: Big Fatty. Artist: Gorowski. Album: The Gorowski Archives (2005-2015). Genre: Electronic,Electronic,"[0.0, 1.0, 0.0, 0.0, 0.0, 0.0, 0.0, 0.0, 0.0, 0.0, 0.0, 0.0, 0.0, 1.0, 0.0, 0.0, 0.0, 0.0, 1.0, 0.0]"
125157,validation,Title: The Far Land. Artist: Gorowski. Album: The Gorowski Archives (2005-2015). Genre: Electronic,Electronic,"[0.0, 1.0, 0.0, 0.0, 0.0, 0.0, 0.0, 0.0, 0.0, 0.0, 0.0, 0.0, 0.0, 1.0, 0.0, 0.0, 0.0, 0.0, 1.0, 0.0]"
125158,validation,Title: Rhubarb. Artist: Gorowski. Album: The Gorowski Archives (2005-2015). Genre: Electronic,Electronic,"[0.0, 1.0, 0.0, 0.0, 0.0, 0.0, 0.0, 0.0, 0.0, 0.0, 0.0, 0.0, 0.0, 1.0, 0.0, 0.0, 0.0, 0.0, 1.0, 0.0]"
125159,validation,Title: Reel Life. Artist: Gorowski. Album: The Gorowski Archives (2005-2015). Genre: Electronic,Electronic,"[0.0, 1.0, 0.0, 0.0, 0.0, 0.0, 0.0, 0.0, 0.0, 0.0, 0.0, 0.0, 0.0, 1.0, 0.0, 0.0, 0.0, 0.0, 1.0, 0.0]"
125160,validation,Title: Stargate Pumpin. Artist: Gorowski. Album: The Gorowski Archives (2005-2015). Genre: Electronic,Electronic,"[0.0, 1.0, 0.0, 0.0, 0.0, 0.0, 0.0, 0.0, 0.0, 0.0, 0.0, 0.0, 0.0, 1.0, 0.0, 0.0, 0.0, 0.0, 1.0, 0.0]"
125161,validation,Title: Love Is All. Artist: Gorowski. Album: The Gorowski Archives (2005-2015). Genre: Electronic,Electronic,"[0.0, 1.0, 0.0, 0.0, 0.0, 0.0, 0.0, 0.0, 0.0, 0.0, 0.0, 0.0, 0.0, 1.0, 0.0, 0.0, 0.0, 0.0, 1.0, 0.0]"
125999,validation,Title: Zon. Artist: Gorowski. Album: The Gorowski Archives (2005-2015). Genre: Electronic,Electronic,"[0.0, 1.0, 0.0, 0.0, 0.0, 0.0, 0.0, 0.0, 0.0, 0.0, 0.0, 0.0, 0.0, 1.0, 0.0, 0.0, 0.0, 0.0, 1.0, 0.0]"
126292,validation,Title: Universal Warrior (Special Edition). Artist: Gorowski. Album: The Gorowski Archives (2005-2015). Genre: Electronic,Electronic,"[0.0, 1.0, 0.0, 0.0, 0.0, 0.0, 0.0, 0.0, 0.0, 0.0, 0.0, 0.0, 0.0, 1.0, 0.0, 0.0, 0.0, 0.0, 1.0, 0.0]"
126550,validation,Title: Matter001. Artist: Nate Scheible. Album: Matter. Genre: Experimental,Experimental,"[0.0, 0.0, 0.0, 0.0, 0.0, 0.0, 1.0, 0.0, 0.0, 0.0, 0.0, 0.0, 0.0, 0.0, 0.0, 0.0, 0.0, 0.0, 0.0, 0.0]"
126557,validation,Title: Matter008. Artist: Nate Scheible. Album: Matter. Genre: Experimental,Experimental,"[0.0, 0.0, 0.0, 0.0, 0.0, 0.0, 1.0, 0.0, 0.0, 0.0, 0.0, 0.0, 0.0, 0.0, 0.0, 0.0, 0.0, 0.0, 0.0, 0.0]"
126559,validation,Title: Matter003. Artist: Nate Scheible. Album: Matter. Genre: Experimental,Experimental,"[0.0, 0.0, 0.0, 0.0, 0.0, 0.0, 1.0, 0.0, 0.0, 0.0, 0.0, 0.0, 0.0, 0.0, 0.0, 0.0, 0.0, 0.0, 0.0, 0.0]"
129742,validation,Title: Eclipsi - anular. Artist: -ono-. Album: [EPV_182] forCB. Genre: Electronic,Electronic,"[0.0, 0.0, 0.0, 0.0, 0.0, 0.0, 1.0, 0.0, 0.0, 0.0, 0.0, 0.0, 0.0, 0.0, 0.0, 0.0, 0.0, 0.0, 0.0, 0.0]"
141735,validation,Title: In Tune - Remix 2 (2017 brand new!). Artist: Kellee Maize. Album: The Remixes. Genre: Hip-Hop,Hip-Hop,"[0.0, 1.0, 0.0, 0.0, 0.0, 0.0, 0.0, 0.0, 0.0, 0.0, 0.0, 0.0, 0.0, 0.0, 0.0, 0.0, 0.0, 0.0, 0.0, 0.0]"
143186,validation,Title: Snow Storm. Artist: HOT POCKET DINGLEBERRY DISEASE. Album: Chimichanga Fangas (with 3 bonus tracks). Genre: Experimental,Experimental,"[1.0, 0.0, 1.0, 0.0, 0.0, 0.0, 1.0, 0.0, 0.0, 0.0, 1.0, 1.0, 0.0, 0.0, 0.0, 0.0, 0.0, 0.0, 0.0, 0.0]"
10381,test,Title: Baron in the Trees. Artist: Big Blood. Album: Big Blood & The Bleedin' Hearts. Genre: Folk,Folk,"[0.0, 0.0, 0.0, 0.0, 0.0, 0.0, 0.0, 0.0, 0.0, 0.0, 0.0, 0.0, 0.0, 0.0, 0.0, 1.0, 0.0, 0.0, 0.0, 0.0]"
10382,test,Title: New Dish Rag. Artist: Big Blood. Album: Big Blood & The Bleedin' Hearts. Genre: Folk,Folk,"[0.0, 0.0, 0.0, 0.0, 0.0, 0.0, 0.0, 0.0, 0.0, 0.0, 0.0, 0.0, 0.0, 0.0, 0.0, 1.0, 0.0, 0.0, 0.0, 0.0]"
10383,test,Title: Graceless Lady. Artist: Big Blood. Album: Big Blood & The Bleedin' Hearts. Genre: Folk,Folk,"[0.0, 0.0, 0.0, 0.0, 0.0, 0.0, 0.0, 0.0, 0.0, 0.0, 0.0, 0.0, 0.0, 0.0, 0.0, 1.0, 0.0, 0.0, 0.0, 0.0]"
10384,test,Title: Blood Mumble. Artist: Big Blood. Album: Big Blood & The Bleedin' Hearts. Genre: Folk,Folk,"[0.0, 0.0, 0.0, 0.0, 0.0, 0.0, 0.0, 0.0, 0.0, 0.0, 0.0, 0.0, 0.0, 0.0, 0.0, 1.0, 0.0, 0.0, 0.0, 0.0]"
10385,test,Title: Curee. Artist: Big Blood. Album: Big Blood & The Bleedin' Hearts. Genre: Folk,Folk,"[0.0, 0.0, 0.0, 0.0, 0.0, 0.0, 0.0, 0.0, 0.0, 0.0, 0.0, 0.0, 0.0, 0.0, 0.0, 1.0, 0.0, 0.0, 0.0, 0.0]"
10386,test,Title: The Birds &amp; The Herds. Artist: Big Blood. Album: Big Blood & The Bleedin' Hearts. Genre: Folk,Folk,"[0.0, 0.0, 0.0, 0.0, 0.0, 0.0, 0.0, 0.0, 0.0, 0.0, 0.0, 0.0, 0.0, 0.0, 0.0, 1.0, 0.0, 0.0, 0.0, 0.0]"
10387,test,Title: Tease it Like a Cop. Artist: Big Blood. Album: Big Blood & The Bleedin' Hearts. Genre: Folk,Folk,"[0.0, 0.0, 0.0, 0.0, 0.0, 0.0, 0.0, 0.0, 0.0, 0.0, 0.0, 0.0, 0.0, 0.0, 0.0, 1.0, 0.0, 0.0, 0.0, 0.0]"
10388,test,Title: Night Lighter. Artist: Big Blood. Album: Big Blood & The Bleedin' Hearts. Genre: Folk,Folk,"[0.0, 0.0, 0.0, 0.0, 0.0, 0.0, 0.0, 0.0, 0.0, 0.0, 0.0, 0.0, 0.0, 0.0, 0.0, 1.0, 0.0, 0.0, 0.0, 0.0]"
10389,test,Title: Terrapin (oh! syd). Artist: Big Blood. Album: Big Blood & The Bleedin' Hearts. Genre: Folk,Folk,"[0.0, 0.0, 0.0, 0.0, 0.0, 0.0, 0.0, 0.0, 0.0, 0.0, 0.0, 0.0, 0.0, 0.0, 0.0, 1.0, 0.0, 0.0, 0.0, 0.0]"
10993,test,Title: Oh Country (Skin &amp; Bones). Artist: Big Blood. Album: Big Blood & The Bleedin' Hearts. Genre: Folk,Folk,"[0.0, 0.0, 0.0, 0.0, 0.0, 0.0, 0.0, 0.0, 0.0, 0.0, 0.0, 0.0, 0.0, 0.0, 0.0, 1.0, 0.0, 0.0, 0.0, 0.0]"
15094,test,Title: banjo bird. Artist: guitarrorisms. Album: recordings without the frogs from the pond. Genre: Experimental,Experimental,"[1.0, 0.0, 0.0, 0.0, 0.0, 0.0, 0.0, 1.0, 0.0, 0.0, 0.0, 1.0, 0.0, 0.0, 0.0, 0.0, 0.0, 0.0, 0.0, 0.0]"
39316,test,Title: Hart Island. Artist: John Badger & The Moustache Riders of Doom. Album: Saint Carbonarius Speaks. Genre: Experimental,Experimental,"[1.0, 1.0, 0.0, 0.0, 0.0, 0.0, 0.0, 0.0, 0.0, 0.0, 0.0, 0.0, 0.0, 0.0, 0.0, 0.0, 0.0, 0.0, 0.0, 0.0]"
39317,test,Title: Brave New World. Artist: John Badger & The Moustache Riders of Doom. Album: Saint Carbonarius Speaks. Genre: Experimental,Experimental,"[1.0, 1.0, 0.0, 0.0, 0.0, 0.0, 0.0, 0.0, 0.0, 0.0, 0.0, 0.0, 0.0, 0.0, 0.0, 0.0, 0.0, 0.0, 0.0, 0.0]"
39318,test,Title: A Dream of Heaven in a Terminal Ward. Artist: John Badger & The Moustache Riders of Doom. Album: Saint Carbonarius Speaks. Genre: Experimental,Experimental,"[1.0, 1.0, 0.0, 0.0, 0.0, 0.0, 0.0, 0.0, 0.0, 0.0, 0.0, 0.0, 0.0, 0.0, 0.0, 0.0, 0.0, 0.0, 0.0, 0.0]"
42018,test,Title: La boite a track (Spain). Artist: Electronischebasisgeluide. Album: La Boite A Sons - Contest Contributions. Genre: Electronic,Electronic,"[0.0, 1.0, 0.0, 0.0, 0.0, 0.0, 0.0, 0.0, 0.0, 0.0, 0.0, 0.0, 1.0, 0.0, 0.0, 0.0, 0.0, 0.0, 0.0, 1.0]"
51301,test,Title: Skeletons Fighting Over A Pickled Herring. Artist: John Badger & The Moustache Riders of Doom. Album: The Hanging Man. Genre: Experimental,Experimental,"[1.0, 1.0, 0.0, 0.0, 0.0, 0.0, 0.0, 0.0, 0.0, 0.0, 0.0, 0.0, 0.0, 0.0, 0.0, 0.0, 0.0, 0.0, 0.0, 0.0]"
51305,test,Title: A Nation of Culls & Weeds. Artist: John Badger & The Moustache Riders of Doom. Album: The Hanging Man. Genre: Experimental,Experimental,"[1.0, 1.0, 0.0, 0.0, 0.0, 0.0, 0.0, 0.0, 0.0, 0.0, 0.0, 0.0, 0.0, 0.0, 0.0, 0.0, 0.0, 0.0, 0.0, 0.0]"
57271,test,Title: The existence of the light. Artist: Sol Rezza. Album: The existence of the light. Genre: Experimental,Experimental,"[1.0, 0.0, 0.0, 0.0, 0.0, 0.0, 0.0, 0.0, 0.0, 0.0, 0.0, 0.0, 0.0, 0.0, 0.0, 0.0, 0.0, 0.0, 0.0, 0.0]"
57272,test,Title: The existence of the light. Artist: Sol Rezza. Album: The existence of the light. Genre: Experimental,Experimental,"[1.0, 0.0, 0.0, 0.0, 0.0, 0.0, 0.0, 0.0, 0.0, 0.0, 0.0, 0.0, 0.0, 0.0, 0.0, 0.0, 0.0, 0.0, 0.0, 0.0]"
57273,test,Title: The existence of the light. Artist: Sol Rezza. Album: The existence of the light. Genre: Experimental,Experimental,"[1.0, 0.0, 0.0, 0.0, 0.0, 0.0, 0.0, 0.0, 0.0, 0.0, 0.0, 0.0, 0.0, 0.0, 0.0, 0.0, 0.0, 0.0, 0.0, 0.0]"
57274,test,Title: The existence of the light. Artist: Sol Rezza. Album: The existence of the light. Genre: Experimental,Experimental,"[1.0, 0.0, 0.0, 0.0, 0.0, 0.0, 0.0, 0.0, 0.0, 0.0, 0.0, 0.0, 0.0, 0.0, 0.0, 0.0, 0.0, 0.0, 0.0, 0.0]"
59581,test,Title: Búsqueda exploratoria #005 - Tu pars.mp3. Artist: Circus Marcus. Album: Búsquedas Exploratorias. Genre: International,International,"[0.0, 0.0, 0.0, 0.0, 0.0, 0.0, 0.0, 1.0, 0.0, 0.0, 0.0, 0.0, 0.0, 0.0, 0.0, 0.0, 0.0, 1.0, 0.0, 0.0]"
63064,test,"Title: Underwater. Artist: Koona. Album: Underwater, Starkey. Genre: Electronic",Electronic,"[0.0, 1.0, 0.0, 0.0, 0.0, 0.0, 0.0, 0.0, 0.0, 0.0, 0.0, 0.0, 0.0, 0.0, 0.0, 0.0, 0.0, 0.0, 0.0, 0.0]"
63065,test,"Title: Starkey. Artist: Koona. Album: Underwater, Starkey. Genre: Electronic",Electronic,"[0.0, 1.0, 0.0, 0.0, 0.0, 0.0, 0.0, 0.0, 0.0, 0.0, 0.0, 0.0, 0.0, 0.0, 0.0, 0.0, 0.0, 0.0, 0.0, 0.0]"
84777,test,Title: Nothings Wrong (Shufflin' Edit). Artist: Howse. Album: AS220's Spring Sampler 2013. Genre: Electronic,Electronic,"[0.0, 0.0, 0.0, 0.0, 0.0, 0.0, 0.0, 0.0, 0.0, 0.0, 0.0, 0.0, 0.0, 0.0, 0.0, 0.0, 0.0, 0.0, 0.0, 1.0]"
93518,test,Title: Mantilla. Artist: Moon Veil. Album: Snake Charm. Genre: Electronic,Electronic,"[0.0, 0.0, 0.0, 0.0, 0.0, 0.0, 1.0, 0.0, 0.0, 0.0, 0.0, 0.0, 1.0, 0.0, 0.0, 0.0, 0.0, 0.0, 0.0, 0.0]"
93519,test,Title: Scorpio. Artist: Moon Veil. Album: Snake Charm. Genre: Electronic,Electronic,"[0.0, 0.0, 0.0, 0.0, 0.0, 0.0, 1.0, 0.0, 0.0, 0.0, 0.0, 0.0, 1.0, 0.0, 0.0, 0.0, 0.0, 0.0, 0.0, 0.0]"
93520,test,Title: Slow Moving. Artist: Moon Veil. Album: Snake Charm. Genre: Electronic,Electronic,"[0.0, 0.0, 0.0, 0.0, 0.0, 0.0, 1.0, 0.0, 0.0, 0.0, 0.0, 0.0, 1.0, 0.0, 0.0, 0.0, 0.0, 0.0, 0.0, 0.0]"
93521,test,Title: Ivory. Artist: Moon Veil. Album: Snake Charm. Genre: Electronic,Electronic,"[0.0, 0.0, 0.0, 0.0, 0.0, 0.0, 1.0, 0.0, 0.0, 0.0, 0.0, 0.0, 1.0, 0.0, 0.0, 0.0, 0.0, 0.0, 0.0, 0.0]"
93522,test,Title: Snake Charm. Artist: Moon Veil. Album: Snake Charm. Genre: Electronic,Electronic,"[0.0, 0.0, 0.0, 0.0, 0.0, 0.0, 1.0, 0.0, 0.0, 0.0, 0.0, 0.0, 1.0, 0.0, 0.0, 0.0, 0.0, 0.0, 0.0, 0.0]"
93523,test,Title: Up There. Artist: Moon Veil. Album: Snake Charm. Genre: Electronic,Electronic,"[0.0, 0.0, 0.0, 0.0, 0.0, 0.0, 1.0, 0.0, 0.0, 0.0, 0.0, 0.0, 1.0, 0.0, 0.0, 0.0, 0.0, 0.0, 0.0, 0.0]"
95486,test,Title: Pop Music. Artist: Ventolyn & Becotyde. Album: Audissect. Genre: Pop,Pop,"[0.0, 1.0, 0.0, 0.0, 0.0, 0.0, 1.0, 0.0, 0.0, 0.0, 0.0, 0.0, 0.0, 0.0, 0.0, 0.0, 0.0, 0.0, 0.0, 0.0]"
111994,test,Title: Aego. Artist: Serakhe0n. Album: Signal. Genre: Instrumental,Instrumental,"[0.0, 0.0, 0.0, 0.0, 0.0, 0.0, 1.0, 0.0, 0.0, 0.0, 0.0, 0.0, 0.0, 0.0, 0.0, 0.0, 0.0, 0.0, 0.0, 0.0]"
112000,test,Title: Green. Artist: Serakhe0n. Album: Signal. Genre: Instrumental,Instrumental,"[0.0, 0.0, 0.0, 0.0, 0.0, 0.0, 1.0, 0.0, 0.0, 0.0, 0.0, 0.0, 0.0, 0.0, 0.0, 0.0, 0.0, 0.0, 0.0, 0.0]"
112001,test,Title: Blue. Artist: Serakhe0n. Album: Signal. Genre: Instrumental,Instrumental,"[0.0, 0.0, 0.0, 0.0, 0.0, 0.0, 1.0, 0.0, 0.0, 0.0, 0.0, 0.0, 0.0, 0.0, 0.0, 0.0, 0.0, 0.0, 0.0, 0.0]"
115002,test,Title: Squire Tuck - Get on the Funky Train to Groove Town. Artist: Squire Tuck. Album: Lost in the Moment. Genre: Instrumental,Instrumental,"[0.0, 0.0, 0.0, 0.0, 0.0, 0.0, 0.0, 0.0, 0.0, 0.0, 0.0, 0.0, 0.0, 0.0, 1.0, 0.0, 0.0, 0.0, 0.0, 0.0]"
115011,test,"Title: Squire Tuck - Funk In, Funk Out. Artist: Squire Tuck. Album: Lost in the Moment. Genre: Instrumental",Instrumental,"[0.0, 0.0, 0.0, 0.0, 0.0, 0.0, 0.0, 0.0, 0.0, 0.0, 0.0, 0.0, 0.0, 0.0, 1.0, 0.0, 0.0, 0.0, 0.0, 0.0]"
131410,test,Title: PITHIA. Artist: Suburban Howl. Album: Suburban Howl. Genre: Experimental,Experimental,"[1.0, 0.0, 1.0, 0.0, 0.0, 0.0, 0.0, 0.0, 0.0, 0.0, 0.0, 0.0, 0.0, 0.0, 0.0, 0.0, 0.0, 0.0, 0.0, 0.0]"
136054,test,Title: Vertigo. Artist: Sinapsi. Album: Come Realtà. Genre: Rock,Rock,"[0.0, 0.0, 0.0, 1.0, 0.0, 0.0, 0.0, 0.0, 0.0, 0.0, 0.0, 0.0, 0.0, 0.0, 0.0, 0.0, 0.0, 0.0, 0.0, 0.0]"
137624,test,Title: You Can't Kill Me. Artist: The Sun Through A Telescope. Album: I Die Smiling. Genre: Rock,Rock,"[0.0, 0.0, 1.0, 0.0, 0.0, 0.0, 1.0, 0.0, 0.0, 0.0, 0.0, 0.0, 0.0, 0.0, 0.0, 0.0, 0.0, 0.0, 0.0, 0.0]"
137627,test,Title: I Die Smiling. Artist: The Sun Through A Telescope. Album: I Die Smiling. Genre: Rock,Rock,"[0.0, 0.0, 1.0, 0.0, 0.0, 0.0, 1.0, 0.0, 0.0, 0.0, 0.0, 0.0, 0.0, 0.0, 0.0, 0.0, 0.0, 0.0, 0.0, 0.0]"
137630,test,Title: The Bitten. Artist: The Sun Through A Telescope. Album: I Die Smiling. Genre: Rock,Rock,"[0.0, 0.0, 1.0, 0.0, 0.0, 0.0, 1.0, 0.0, 0.0, 0.0, 0.0, 0.0, 0.0, 0.0, 0.0, 0.0, 0.0, 0.0, 0.0, 0.0]"
137631,test,Title: It's Cold But I'm Warm. Artist: The Sun Through A Telescope. Album: I Die Smiling. Genre: Rock,Rock,"[0.0, 0.0, 1.0, 0.0, 0.0, 0.0, 1.0, 0.0, 0.0, 0.0, 0.0, 0.0, 0.0, 0.0, 0.0, 0.0, 0.0, 0.0, 0.0, 0.0]"
137632,test,Title: Mr. Yawning Infinity Chasm/SuperInfinity. Artist: The Sun Through A Telescope. Album: I Die Smiling. Genre: Rock,Rock,"[0.0, 0.0, 1.0, 0.0, 0.0, 0.0, 1.0, 0.0, 0.0, 0.0, 0.0, 0.0, 0.0, 0.0, 0.0, 0.0, 0.0, 0.0, 0.0, 0.0]"
139933,test,Title: Intro. Artist: Resonancedj & Giulio Maddaloni. Album: Rotated ( EP ). Genre: Electronic,Electronic,"[0.0, 0.0, 0.0, 0.0, 0.0, 0.0, 0.0, 0.0, 0.0, 0.0, 0.0, 0.0, 1.0, 0.0, 0.0, 0.0, 1.0, 0.0, 0.0, 0.0]"
139934,test,Title: Fasten your seatbelt. Artist: Resonancedj & Giulio Maddaloni. Album: Rotated ( EP ). Genre: Electronic,Electronic,"[0.0, 0.0, 0.0, 0.0, 0.0, 0.0, 0.0, 0.0, 0.0, 0.0, 0.0, 0.0, 1.0, 0.0, 0.0, 0.0, 1.0, 0.0, 0.0, 0.0]"
139935,test,Title: Kevlar Boyz. Artist: Resonancedj & Giulio Maddaloni. Album: Rotated ( EP ). Genre: Electronic,Electronic,"[0.0, 0.0, 0.0, 0.0, 0.0, 0.0, 0.0, 0.0, 0.0, 0.0, 0.0, 0.0, 1.0, 0.0, 0.0, 0.0, 1.0, 0.0, 0.0, 0.0]"
139936,test,Title: Particel Size. Artist: Resonancedj & Giulio Maddaloni. Album: Rotated ( EP ). Genre: Electronic,Electronic,"[0.0, 0.0, 0.0, 0.0, 0.0, 0.0, 0.0, 0.0, 0.0, 0.0, 0.0, 0.0, 1.0, 0.0, 0.0, 0.0, 1.0, 0.0, 0.0, 0.0]"
139937,test,Title: Speleology. Artist: Resonancedj & Giulio Maddaloni. Album: Rotated ( EP ). Genre: Electronic,Electronic,"[0.0, 0.0, 0.0, 0.0, 0.0, 0.0, 0.0, 0.0, 0.0, 0.0, 0.0, 0.0, 1.0, 0.0, 0.0, 0.0, 1.0, 0.0, 0.0, 0.0]"
144592,test,Title: Dark Matter. Artist: Trillion Catz. Album: The Big Numbers. Genre: Electronic,Electronic,"[0.0, 0.0, 0.0, 0.0, 0.0, 0.0, 0.0, 0.0, 0.0, 0.0, 0.0, 0.0, 0.0, 0.0, 0.0, 0.0, 0.0, 0.0, 1.0, 0.0]"
